ID,English
ID_AAAitMaH,
ID_AAKKdQwr,
ID_ABgAyEOp,
ID_ACFgfKQs,
ID_ACNPmlhf,
ID_ACqxiSuP,
ID_ACyrfZeN,
ID_ADPgGOCq,
ID_AEJQFohp,
ID_AEPshcAq,
ID_AFAUDMwm,
ID_AFXwQPoH,
ID_AGCioWjM,
ID_AHXmCaid,
ID_AHeOWkxY,
ID_AHoRkKrY,
ID_AHwIhHYn,
ID_AIliePdj,
ID_AInPsjPh,
ID_AJbAPsbi,
ID_AJcFtxGj,
ID_AJlbPSwj,
ID_AJqMlWJd,
ID_AJtkQsch,
ID_AKRqgrKR,
ID_AKTKOYxa,
ID_AKuDxZSV,
ID_ALTzZLiz,
ID_ANYJrXgv,
ID_ANbVsncB,
ID_ANjZWQNg,
ID_ANpzJOlz,
ID_ANvZUCOE,
ID_APQbVWbD,
ID_APnJKHUK,
ID_APqdHHkE,
ID_AQGoqmJi,
ID_AQPIwoik,
ID_AQRnTLSs,
ID_AQmyQKiK,
ID_ARRRcYqx,
ID_ASaSrGNn,
ID_ASfPclmX,
ID_ASjBkvNZ,
ID_ASnJZfGC,
ID_ATCzMqwC,
ID_ATmeOnOn,
ID_AUHgLWTs,
ID_AUVgpXSF,
ID_AVAweUki,
ID_AVqJcjpR,
ID_AWBWNOKb,
ID_AWTBcafW,
ID_AWgGhvfc,
ID_AWktYKaQ,
ID_AWwvpLJW,
ID_AXChsoFo,
ID_AXhhPkVt,
ID_AYQZXMvQ,
ID_AYjqsiGJ,
ID_AZnBWQXc,
ID_AZzoTidU,
ID_Aacrjonz,
ID_AajObnhU,
ID_Aaovnjzy,
ID_AauBwcBz,
ID_AawKqhjj,
ID_AazPELHa,
ID_AbytiDnb,
ID_AcVXrHbG,
ID_AdORVidh,
ID_AdpGRSnq,
ID_AeQJQTvF,
ID_AefoibVg,
ID_AfXyECLb,
ID_AfoYGlzq,
ID_AfsmJvJf,
ID_AgAtYFhC,
ID_AgUNeOCY,
ID_AgrSMhKG,
ID_AgtEKYrD,
ID_AhCoVJXk,
ID_AhTFuBnK,
ID_AhjfCFNQ,
ID_AhqEVkkB,
ID_AhzNBvcN,
ID_AiDgiiGz,
ID_AiEcmJGl,
ID_AiPhpbiF,
ID_AitSYpTl,
ID_AjBGFcDb,
ID_AjRwyxJA,
ID_AjogflxG,
ID_AkNvqcjj,
ID_AkSgJXYK,
ID_AkhdrjCR,
ID_AlBjIgRZ,
ID_AludGTJB,
ID_AmkvqrPe,
ID_AnvqRxAA,
ID_AoHwsSQu,
ID_AoONUwse,
ID_AoStqOkn,
ID_AolzXZlV,
ID_ApEKSoMY,
ID_ApFUMwRl,
ID_ApFuozyE,
ID_ApQiqwxK,
ID_ApZMhzwz,
ID_AplXdCTK,
ID_AppUKOqL,
ID_AqbjykcT,
ID_AqdEvnwC,
ID_ArKgcXaa,
ID_AshKpFUr,
ID_AsiyXtFy,
ID_AsqaAlOh,
ID_AtElVgya,
ID_AtIwqWxA,
ID_AtMihAOu,
ID_AtMrEIHd,
ID_AtQPNJIg,
ID_AtTwoBBn,
ID_AtgkfrGf,
ID_AtoStxYu,
ID_AtzqiXNf,
ID_AuWEqvJk,
ID_AusFFjsO,
ID_AuxDOGrz,
ID_AvKahjlr,
ID_AvXAsQwd,
ID_Avcpnlil,
ID_AviyZLLk,
ID_AvvnmAiE,
ID_AwUbwzzr,
ID_AxBKkkvX,
ID_AyETRMIn,
ID_BALOoHyh,
ID_BAholmqg,
ID_BAtUfFNN,
ID_BBEdojAp,
ID_BBlWFFWy,
ID_BBtaETWa,
ID_BCAgPZkF,
ID_BCSrkEgN,
ID_BCUhdwmo,
ID_BDWtyPwE,
ID_BDdyWCor,
ID_BDnYQPuA,
ID_BDyRXhUy,
ID_BEiOhAaS,
ID_BFHEmdeI,
ID_BFJNImOY,
ID_BFXTjZXy,
ID_BFqjqyhY,
ID_BGnPZbSw,
ID_BHExIfJu,
ID_BHMXUEGj,
ID_BHrEEbtD,
ID_BIOTFpnK,
ID_BIbalIzN,
ID_BKJirCID,
ID_BLgJIQUP,
ID_BMelyIZd,
ID_BMkcRelH,
ID_BNPFwpyP,
ID_BNQiDaoT,
ID_BOBqZvkH,
ID_BOJvVjCn,
ID_BOLgZyqk,
ID_BOtiEJok,
ID_BPUcVKQY,
ID_BPmgOhYu,
ID_BPsBRILW,
ID_BQMuXIwS,
ID_BRLxCTEA,
ID_BTIrGDkf,
ID_BTQSBxOU,
ID_BTRZYaAw,
ID_BUnJpwht,
ID_BVmLhpOt,
ID_BWHPwNkY,
ID_BWcHdHDz,
ID_BWrpHmYN,
ID_BXBaXiyX,
ID_BXIuVtoe,
ID_BXfUogOd,
ID_BYINMWeU,
ID_BYYgbCVF,
ID_BYeAWrnA,
ID_BYqAUJkB,
ID_BZEpGLrf,
ID_BaIgAbEH,
ID_BcOvmYMj,
ID_Bcevwjeo,
ID_BdIifFjf,
ID_BdhjcotX,
ID_BdvrBVgP,
ID_BeWPGoRl,
ID_BeZjgWCt,
ID_BeeQqoiz,
ID_BfTRqZJG,
ID_BfaiVIPt,
ID_BfwhMSrn,
ID_BfxVqbHr,
ID_BgsVHguD,
ID_BgykkzkZ,
ID_BhMPkdDj,
ID_BiUVhxby,
ID_BiwMFwLu,
ID_BjQMRrmo,
ID_BjgNYOtX,
ID_BkIGlTNC,
ID_BkYcEesB,
ID_BlWhEQXd,
ID_BlYQFKOb,
ID_BljclcEN,
ID_BmOCmNLC,
ID_BmWTCyfK,
ID_BmeORhzG,
ID_BnHhbLyS,
ID_BnOwkMba,
ID_BnRUWSFX,
ID_BnSSOjpz,
ID_BnsrZnEv,
ID_BoPPVLrb,
ID_BoPzKybM,
ID_BoUksWXF,
ID_BqYjtoeN,
ID_BqeTeOeI,
ID_BrEZUcjQ,
ID_BrVFylXM,
ID_BriFxzXd,
ID_BrtBJrNP,
ID_BsTEfhKW,
ID_BsXpuJyT,
ID_BscsCjrS,
ID_BthjhmOO,
ID_BtlmTfLZ,
ID_BurNDshn,
ID_BvLFDdbc,
ID_BvMpVMhw,
ID_BvwWAJcx,
ID_BwcrcDgX,
ID_BwdfgGfc,
ID_BwhDZBmq,
ID_Bwjkrvgc,
ID_BwtmONUR,
ID_BwzmPKkr,
ID_ByfxTqOL,
ID_BylqMPEg,
ID_BysuqJyi,
ID_BzjxqDQk,
ID_BzmUCFsA,
ID_CANZXomC,
ID_CARDYHWY,
ID_CBLUJURe,
ID_CBrVQEoF,
ID_CCEABJRK,
ID_CCEFlyrY,
ID_CCMryuDv,
ID_CCMvvnwG,
ID_CCbmbDQK,
ID_CCcorNxv,
ID_CCnhjRFS,
ID_CCvspSOC,
ID_CDbQpOOc,
ID_CDbYHTWC,
ID_CDxLhjyB,
ID_CEYDebHn,
ID_CFPhmpRE,
ID_CFzdNDpe,
ID_CGOHRQER,
ID_CGnnHDsV,
ID_CHMhUInz,
ID_CHYeBUvz,
ID_CHkedACo,
ID_CHxgBwMb,
ID_CHyyOVCY,
ID_CJWhCDVm,
ID_CJnnWmbU,
ID_CJuypIPu,
ID_CJwRxHkK,
ID_CKCEQZax,
ID_CKiWEABp,
ID_CLItFMPF,
ID_CLSLbLjR,
ID_CMWhVXdk,
ID_CMhGfqMv,
ID_CMlxwhoJ,
ID_CNJZaXrf,
ID_CNlTpfFb,
ID_CNqoLmrE,
ID_COrGmwsE,
ID_COsvCbpX,
ID_CPdzJuro,
ID_CPgNzUVl,
ID_CQYlRudM,
ID_CQaIFuPW,
ID_CQdBvFKT,
ID_CQhKSdFg,
ID_CQiNDEqL,
ID_CRSixWbF,
ID_CRdjGupQ,
ID_CRxFkxNR,
ID_CRxvVAnQ,
ID_CSakOcOc,
ID_CSdXlcdk,
ID_CSxCIibL,
ID_CTBOerrg,
ID_CUvcvhLT,
ID_CUwJOqaF,
ID_CValaVch,
ID_CVmUbaXa,
ID_CWCyDdMg,
ID_CWRcJQXQ,
ID_CXBDvKva,
ID_CXqtRBsy,
ID_CXsQaBOg,
ID_CXvLGJpM,
ID_CYCQRXSR,
ID_CYXQoVez,
ID_CYbrlQLm,
ID_CZXmdFtc,
ID_CZXqAEJB,
ID_CaxIaRgJ,
ID_CbGBllvC,
ID_CbQsNnTK,
ID_CbcaqItC,
ID_CcOoTMGd,
ID_CclHKahg,
ID_CcrsHZmL,
ID_CcvSJxrX,
ID_CdPlreqA,
ID_CdyiVaFs,
ID_CfBcRHqA,
ID_CfCqOHcf,
ID_ChIydSzx,
ID_ChuDiMgN,
ID_ChyIlPdF,
ID_CiIgISFt,
ID_CicEfkph,
ID_CirzPtbd,
ID_CjKgKqzE,
ID_CjQgknzJ,
ID_CjSgSoWb,
ID_CjfokreY,
ID_CkFvzOoJ,
ID_CkJdfvaV,
ID_CkrCGeZd,
ID_ClRgICzB,
ID_ClULZQre,
ID_ClZeTYeu,
ID_CmbHajbV,
ID_CmmLzUXD,
ID_CmrFiHbE,
ID_CoXUlzMM,
ID_CpAwpoWD,
ID_CpFlNPDn,
ID_CpqvffGC,
ID_CqQVqmYl,
ID_CqUfIIpi,
ID_CrHJrgjL,
ID_CrYKbMSV,
ID_CriRKHZK,
ID_CsjFmvvc,
ID_CtCrxsHq,
ID_CtHBRESx,
ID_CtxybanA,
ID_CupmbDNQ,
ID_CutcXoFY,
ID_CvHOIwdm,
ID_CvVdEZiC,
ID_CvpkXjmd,
ID_CwHiQeYB,
ID_CwNaarGD,
ID_CwROwFWN,
ID_CwkJTxri,
ID_CwttjuSA,
ID_CxaYnfan,
ID_CxlgClJL,
ID_CxuzvmVz,
ID_CyNYsAbq,
ID_CygWKEtx,
ID_CymfQEkK,
ID_CyoEZCly,
ID_CyoIvDgh,
ID_CzQFJIvQ,
ID_DALVaezV,
ID_DAYTBVAS,
ID_DBCislgd,
ID_DBIRECVv,
ID_DCJXUfYD,
ID_DChtdxID,
ID_DDNZjvqX,
ID_DDXoFCtr,
ID_DDcoBtmu,
ID_DDkfmgkN,
ID_DEQAqkPA,
ID_DEkPoSwq,
ID_DFGtxVZa,
ID_DGJgBipm,
ID_DHUhlplN,
ID_DHdQImyi,
ID_DIAnTkwr,
ID_DICyrXlR,
ID_DJCeSnKE,
ID_DJZFrBpo,
ID_DJrfxLWT,
ID_DJtGpMjh,
ID_DKNYQaWO,
ID_DLKiYCux,
ID_DLRWIWJi,
ID_DLnzUsVc,
ID_DMeveIlR,
ID_DNhqqFUv,
ID_DOTHttdb,
ID_DOvVSSla,
ID_DOyxoCfS,
ID_DPIMXQJn,
ID_DPUkHkTR,
ID_DQgemIqC,
ID_DQicYJTA,
ID_DRCGWemX,
ID_DRwFTYOC,
ID_DSDGurxM,
ID_DScwApHZ,
ID_DSnDgaTz,
ID_DTMOOBMs,
ID_DTbojgrn,
ID_DTgyCJZJ,
ID_DTrXJAJG,
ID_DUqdEeLO,
ID_DVUkYBYA,
ID_DVdqTekp,
ID_DWSWgiHi,
ID_DWSifjSR,
ID_DWfCjGmS,
ID_DWiFOanE,
ID_DWibmBmV,
ID_DXCkRYFt,
ID_DXMtHHaI,
ID_DXoNqxgU,
ID_DXqJIvII,
ID_DYGmgACI,
ID_DYfzBtUG,
ID_DZTIlXnz,
ID_DZpQLwTt,
ID_DZyRNwVN,
ID_DaLoPURN,
ID_DbHKMuXS,
ID_DbQmvZAG,
ID_DbhmGVPb,
ID_DblFgebj,
ID_DcDGbCnR,
ID_DcOIFUhl,
ID_DcTGkxQm,
ID_DcyHKiuR,
ID_DdTdfRjZ,
ID_DdTpPKVF,
ID_DdWAWbeb,
ID_DdsLnDTf,
ID_DdzCnufl,
ID_DeEpgjNG,
ID_DeGSdfIA,
ID_DeKXJXFd,
ID_DebxWyVt,
ID_DficrFhD,
ID_DhBNzYsi,
ID_DhEDIXsN,
ID_DhsrJoHf,
ID_DiAuMMqZ,
ID_DiKDtBPZ,
ID_DiQUCcyE,
ID_DikWYCKJ,
ID_DikuWqCm,
ID_DisDSoxo,
ID_DjBElgLM,
ID_DjOUwAtY,
ID_DkKCPtiV,
ID_DkaWcpcw,
ID_DkkEXiCY,
ID_DlerjFEE,
ID_DlhwAMEx,
ID_DmNXoMOa,
ID_DmTnWdiG,
ID_DmWSknTu,
ID_DmZxjofm,
ID_DmetlaqV,
ID_DmsoxOuR,
ID_DmzsCYOq,
ID_DnBOJKkG,
ID_DnIlIaVb,
ID_DnRvSLWp,
ID_DoKBjGTH,
ID_DoTaCiRY,
ID_DoVPanFF,
ID_DonChIdx,
ID_DpAqKlGh,
ID_DpVhBmBp,
ID_DpZdinZN,
ID_DpbwRFRH,
ID_DpohPwsq,
ID_DqFZhUJw,
ID_DqcLwZDo,
ID_DqhLXxHv,
ID_DquSxpXI,
ID_DrXqFEzJ,
ID_DsBcOtvB,
ID_DsJqJneO,
ID_DsMClXIW,
ID_DsfAnfmI,
ID_DsydMVpP,
ID_DtSZPRVb,
ID_DtUXZmtU,
ID_DtVYYEEF,
ID_DtiDedLa,
ID_DtjrLnXH,
ID_DuAflAqJ,
ID_DuRBHgQH,
ID_DvJYgSoX,
ID_DvNiqwPe,
ID_DvoJIIuf,
ID_DvxYqMro,
ID_DwVUhhZT,
ID_DxgdadAK,
ID_DxocjXjI,
ID_DyERtqVW,
ID_DyLpUkIA,
ID_DyXIVghN,
ID_DyvdWxQH,
ID_DzRLRAHd,
ID_DzRmTqkh,
ID_EAGxHEzS,
ID_EAZqRrMt,
ID_EAcITbIv,
ID_EBaccYCv,
ID_ECRISYiC,
ID_ECgNqiyP,
ID_EDubqsRd,
ID_EETnXANP,
ID_EFfLycNE,
ID_EFuGgZUK,
ID_EGAceScV,
ID_EGCpbpmm,
ID_EGExvaMD,
ID_EGROmgrp,
ID_EGRnwNii,
ID_EGaqzJPq,
ID_EGmRmlkV,
ID_EGtHUmnE,
ID_EHBCXCOJ,
ID_EHThsmbY,
ID_EHjZDnCs,
ID_EHqbcNgM,
ID_EHyAoEpt,
ID_EIFtZCOe,
ID_EIcuctzY,
ID_EJrVsdty,
ID_EJxGKjbn,
ID_EMGlBmpM,
ID_EMRnuEnj,
ID_EMnLlmYj,
ID_EMqwFRxJ,
ID_ENEWDvtc,
ID_ENJtBidr,
ID_ENdvpTbl,
ID_EOHCEtSd,
ID_EOXNdXNX,
ID_EOcnFlyY,
ID_EOykOcDH,
ID_EQEOtssj,
ID_EQHjcikQ,
ID_EQRkDHxH,
ID_EQXqNRuW,
ID_ERXmPjcQ,
ID_ERdYJkCe,
ID_ESlKrxnp,
ID_ESooYlqo,
ID_ESyDLTAg,
ID_ETCJbutB,
ID_ETFgKJop,
ID_ETOZVziz,
ID_ETTIKxBT,
ID_ETbwGbuf,
ID_EULVAUzX,
ID_EUQuCKqp,
ID_EUjuzytp,
ID_EVHwmDmR,
ID_EVNuGaJX,
ID_EVPShhjX,
ID_EVPetqRb,
ID_EVRmRlIR,
ID_EVYJghBG,
ID_EVmfIHxS,
ID_EWkrfkgx,
ID_EWtmsmbJ,
ID_EXJflWfw,
ID_EYPQcqNl,
ID_EYRKepeP,
ID_EYULPQYg,
ID_EYWrFTnk,
ID_EZtVluYg,
ID_EaFjBXOB,
ID_EaOtpdqL,
ID_EazVBvDx,
ID_EbcWMIsR,
ID_EcChrZLo,
ID_EcqjCaXP,
ID_EcvuYsbX,
ID_EdjgpFMs,
ID_EdlADiiB,
ID_EdyBXMPh,
ID_EeCKhqao,
ID_EeUuvkoe,
ID_EezPQDMk,
ID_EfOAHAUF,
ID_EgBOilVS,
ID_EgJCsRbU,
ID_EhMnIwgD,
ID_EhikvmIr,
ID_EiFxRwbB,
ID_EicPnehn,
ID_EjfdyAEv,
ID_EjxjurRR,
ID_EkObklFS,
ID_EkVJbPUj,
ID_ElIuHPoo,
ID_ElVGgjaP,
ID_EmjbLpxp,
ID_EnUOLGBg,
ID_EnccmSzs,
ID_EnzEGlFe,
ID_EoCVKcaA,
ID_EocofSCq,
ID_EpBMbumw,
ID_EqKLfjtW,
ID_EqaMvbVV,
ID_ErdfWZaK,
ID_EsgZkdHK,
ID_EtJIvCcv,
ID_EtitbLPi,
ID_EtjsQRvB,
ID_EtqsYrxy,
ID_EuEPuIdG,
ID_EuGpPeuu,
ID_EuWtLuZH,
ID_EufTnahD,
ID_EuxxhZDL,
ID_EvPdctlx,
ID_EvdYkMNn,
ID_EwOQnsVT,
ID_EwQLAjkj,
ID_EwWFMfOi,
ID_EwnTOXtc,
ID_EwxSOILq,
ID_ExJqHWZE,
ID_EySngkDz,
ID_EyvSZjll,
ID_EzhAsaCT,
ID_EzkqHFHr,
ID_EzyXkrEQ,
ID_FAkSEztn,
ID_FBWHXEMf,
ID_FCTCaVhe,
ID_FChOIUrd,
ID_FDixTDqz,
ID_FDrwiEPm,
ID_FEiUTmPk,
ID_FEmqsrQS,
ID_FEsoQzVF,
ID_FFCTluyO,
ID_FFMXVhlr,
ID_FFNIHKZZ,
ID_FFPhvevQ,
ID_FGjSUKYE,
ID_FGwiNysp,
ID_FHDZSpkJ,
ID_FHMbVLRT,
ID_FHiAUZQv,
ID_FIICPKBN,
ID_FIRktZOw,
ID_FJyNvjdW,
ID_FKEAPtxu,
ID_FKcrEYan,
ID_FKkkndfk,
ID_FKndNbwx,
ID_FKxVskBd,
ID_FLQmMLgb,
ID_FLYZUwQD,
ID_FLzoBUCn,
ID_FMAtVYph,
ID_FNMdyvrL,
ID_FNOrHXtQ,
ID_FNrAhOeY,
ID_FODntTJr,
ID_FOPmMqFs,
ID_FPVgUUUC,
ID_FQkThuCh,
ID_FQtprQwS,
ID_FQxmpIjI,
ID_FRQBCOxw,
ID_FSbequpF,
ID_FSlFBKMV,
ID_FTZcJfSb,
ID_FTmAHZgm,
ID_FUCzVjER,
ID_FUGESTFh,
ID_FULIaoYv,
ID_FUhOfDbU,
ID_FVJKlEcH,
ID_FVKWbQSt,
ID_FWAMiUDU,
ID_FWohYXLB,
ID_FWqAiSLx,
ID_FXZfpBHi,
ID_FYQeWUZR,
ID_FYkFoyFV,
ID_FYwKrRNk,
ID_FYwKxHKg,
ID_FZAsRtHm,
ID_FZMtElgs,
ID_FZRAewyh,
ID_FZnxRkmN,
ID_FaFczCYi,
ID_FaUtWhyA,
ID_FbJUbAyF,
ID_FbOQRDpn,
ID_FbXfrCzS,
ID_FbcmwNcK,
ID_FbhjAwmo,
ID_FbtSwcnn,
ID_FcqMEtzn,
ID_FdQUjxCI,
ID_FdexagWN,
ID_FdxMqsbA,
ID_FeVHtjcw,
ID_FeXfFIdo,
ID_FeeWdDRg,
ID_FfSFqMBy,
ID_Ffujqqcz,
ID_FgYWSklP,
ID_FhByQaBk,
ID_FhCVdoYL,
ID_FhHYyGWo,
ID_FheabaRu,
ID_FiEcxXWz,
ID_FiEntnAp,
ID_FifMWLVo,
ID_FijXwlBC,
ID_FjGSnnUu,
ID_FjOMEOqf,
ID_FjSexEJN,
ID_FjfCeIAP,
ID_FjywmVrG,
ID_FlDRfLZP,
ID_FlJrJRbF,
ID_FlLcKtWE,
ID_FllRfmLh,
ID_FlrPotnt,
ID_FmirkASB,
ID_FmjBffWZ,
ID_FmjdthsF,
ID_FmrmQLDc,
ID_FmsLorWD,
ID_FnMlVzCV,
ID_FnypXUCc,
ID_FoHPfcic,
ID_FolqmTgP,
ID_FotHbOpd,
ID_FqEfWdor,
ID_FqOqZxrE,
ID_FrTDaHPB,
ID_FsgnKuEz,
ID_FsliJVhq,
ID_FsmAtHpl,
ID_FsnqRszP,
ID_FsuYAzhN,
ID_FtTKBETQ,
ID_FtrPDHue,
ID_FuJeubVJ,
ID_FuLOVBsn,
ID_FuLbPYjx,
ID_FuwKmMVj,
ID_FvMotMMv,
ID_FvpMMNVM,
ID_FvrpsRet,
ID_FwHASoAh,
ID_FxIXHkvT,
ID_FxdPKXCy,
ID_FxgSsRuU,
ID_FxjBJsqI,
ID_FyJpxDBm,
ID_FyhMhJLH,
ID_FyhkzBsv,
ID_FzISDOXZ,
ID_FzlTScRC,
ID_FzntWllh,
ID_GAGVEzNH,
ID_GALKPFYo,
ID_GAnjsToN,
ID_GApaUMTq,
ID_GBDSdxjS,
ID_GCbpSqrb,
ID_GCcgFjpP,
ID_GEIXYMIW,
ID_GEUdLpIe,
ID_GEZZGABt,
ID_GEdRLgwz,
ID_GEggVLLG,
ID_GFSzuMDO,
ID_GFXtnNeg,
ID_GFbIlnuj,
ID_GFdFfHqt,
ID_GFgwSBLz,
ID_GFroYHkz,
ID_GGhOXuxC,
ID_GHQRWRlN,
ID_GHmBvbAp,
ID_GIcTYrdW,
ID_GIggXsnf,
ID_GIvxBECX,
ID_GJEwjSGA,
ID_GJMCpUgo,
ID_GKFkQqjS,
ID_GKaHpiGc,
ID_GMJWUFAJ,
ID_GNHbpBZU,
ID_GNuteUpo,
ID_GOSBIAQT,
ID_GOXCMsBq,
ID_GOXflsxG,
ID_GOionLni,
ID_GOxOAHpk,
ID_GPGXPprD,
ID_GPhpFXyT,
ID_GPngYOwh,
ID_GQECDAlK,
ID_GQFeQuOO,
ID_GRxReIhy,
ID_GSdsbGMJ,
ID_GSlOTWAa,
ID_GTERQWub,
ID_GUAEeLpm,
ID_GUAYVqBO,
ID_GUxwPbPn,
ID_GVSGnylS,
ID_GVgKhMeo,
ID_GWLOlVBX,
ID_GWNrOucx,
ID_GWPgMMnP,
ID_GWTsXaIS,
ID_GWfZpYOs,
ID_GWmyInjy,
ID_GXIFsqCY,
ID_GXbuHVRV,
ID_GXdDzAwE,
ID_GYCkcRBR,
ID_GYJfDXoZ,
ID_GYNchmgF,
ID_GZEfxsXG,
ID_GZqpqkjj,
ID_GaCkVuEK,
ID_GaQBKxMp,
ID_GaRwyFfq,
ID_GaTddPwL,
ID_GbjXqykj,
ID_GbxXEfaB,
ID_GdQKCQVH,
ID_GezwonQY,
ID_GfPPbSTx,
ID_GfPwyfFq,
ID_GfiOYDBd,
ID_GfnxRSLW,
ID_GgGzvQPT,
ID_GgzGwbqY,
ID_GhGHbbcn,
ID_GhZmJeKK,
ID_GiHuZssy,
ID_GiWotFSs,
ID_GjULmXsI,
ID_GjcLJJVc,
ID_GjnTxGge,
ID_GkByAWUR,
ID_GkKpRhOM,
ID_GlqFdsUB,
ID_GlwDTktz,
ID_GlzkmlrF,
ID_GmBJPakH,
ID_GmZjDrHR,
ID_GnLayFIB,
ID_GnoViOIF,
ID_GnvUAiLV,
ID_GoArMsgb,
ID_GoNsjoFh,
ID_GpNCtVXM,
ID_GpRKhLjY,
ID_GpSVZgip,
ID_GpfHIaaa,
ID_GrIIYVcy,
ID_GrJUaIHk,
ID_GrNSqzgg,
ID_GrtWsDVz,
ID_GrxnoBLL,
ID_GsEMckZH,
ID_GsIcimoy,
ID_GsjEsrXx,
ID_GthWUfQk,
ID_GvBFlohh,
ID_GviDenOt,
ID_GvqrCjBn,
ID_GvzCXdxc,
ID_GvzJLQEx,
ID_GwSjexQp,
ID_GxFrkNhX,
ID_GxJMlaCi,
ID_GxmUphYh,
ID_GyCCtSDA,
ID_GyDZClIA,
ID_GyLlQbuJ,
ID_Gygintkn,
ID_GzPYabMa,
ID_GzbFvdep,
ID_GzeqwEEo,
ID_GzgXRPFr,
ID_GzyEVufu,
ID_HBXoIYQx,
ID_HBkLzHAo,
ID_HBsGxMUW,
ID_HCAsaVZu,
ID_HCUxrRBr,
ID_HCfywCKo,
ID_HDROnfyJ,
ID_HDmwpSFR,
ID_HEDpBTIx,
ID_HEFwMTnB,
ID_HEdGxuLZ,
ID_HEjqTFzA,
ID_HExXohjk,
ID_HFZZwZpb,
ID_HFkjZIiV,
ID_HFlOqyLU,
ID_HFpALIom,
ID_HFvFCeCQ,
ID_HGJiSrPN,
ID_HGTBbmwp,
ID_HGcmLQxH,
ID_HGgRrMHk,
ID_HHYGcxiJ,
ID_HHbmyNXA,
ID_HHvRSLFq,
ID_HIMHvVnG,
ID_HIdCYyTL,
ID_HJGbHiaw,
ID_HJYNbgLY,
ID_HKDQorlT,
ID_HKZTqIGk,
ID_HLelknTp,
ID_HLwtQiZi,
ID_HNUcRRdK,
ID_HOCvFhma,
ID_HOFOqODy,
ID_HONsOLNs,
ID_HOTSHsSS,
ID_HOXCvxBb,
ID_HOXQjSHA,
ID_HOazzlwP,
ID_HOlNnuZw,
ID_HPRgHodT,
ID_HPtMwugn,
ID_HQFRvKOL,
ID_HRIKSOyF,
ID_HRnKuTIz,
ID_HRpZOtTz,
ID_HRrcPEsc,
ID_HSNJbORb,
ID_HSencVuF,
ID_HTHRNVSc,
ID_HTLFKJPX,
ID_HTYHXAQV,
ID_HTYlthDx,
ID_HTdvDfLp,
ID_HUAmiBOv,
ID_HVgdmOIS,
ID_HWWmvhsX,
ID_HWZyOaVf,
ID_HWnFxXki,
ID_HXCFhGbE,
ID_HXHoyULx,
ID_HXYnehQv,
ID_HYZnEkor,
ID_HYjVXYBk,
ID_HZHkktVz,
ID_HZrrzrBA,
ID_HZsiOAHn,
ID_HafqFkvN,
ID_HauMfHav,
ID_HbOaeOcR,
ID_HcihLmLg,
ID_HcxExSJE,
ID_HdzaTjIK,
ID_HeDjBluN,
ID_HeKNnOht,
ID_HeyxlBVy,
ID_HeyzsDsm,
ID_HfFfSNxq,
ID_HfMDFGHU,
ID_HfjusyTg,
ID_HgnZawnK,
ID_HhxQsEqx,
ID_HiefxdtJ,
ID_HjWvzYfx,
ID_HjZikBUn,
ID_Hjgtyacn,
ID_HjroYxNS,
ID_HkPUbRCz,
ID_HkePVRaI,
ID_HkhgsCFH,
ID_HlXNPUNO,
ID_HlniFCAl,
ID_Hlniaxja,
ID_HlzQpGYT,
ID_HmPsLcyz,
ID_HnGpGcHK,
ID_HnQpZAdw,
ID_HpaxApWj,
ID_HqJMoFzS,
ID_HqWSWQOz,
ID_HrEEVXLa,
ID_HrGiJWIq,
ID_HrPhVkzT,
ID_HrmnYQbA,
ID_HsbHjxTr,
ID_HuQcTeQS,
ID_HuSxfgoq,
ID_HuXVoRbQ,
ID_HubfBeTY,
ID_HvBvrEnB,
ID_HwBcRkGh,
ID_HxZJStdT,
ID_HxaIzJgW,
ID_HxkLBiSK,
ID_HyCpGyEa,
ID_HycFkJlV,
ID_HyoQlasi,
ID_HzZauQGj,
ID_HzjJlGuY,
ID_HzsRdESa,
ID_IADChzgX,
ID_IAwHDWOL,
ID_IBEBjoBh,
ID_IBeIDnzv,
ID_IBjDeJUh,
ID_IBviovBm,
ID_IDSvGGtv,
ID_IDfUIAAZ,
ID_IDsAxVLi,
ID_IEvxVlMq,
ID_IFgawXKS,
ID_IFsihvKd,
ID_IHJUFimf,
ID_IHYLdyxw,
ID_IHhamzxQ,
ID_IIFXDbUi,
ID_IIMjhVwH,
ID_IINAUfgs,
ID_IIfAFFFG,
ID_IKDVNZeV,
ID_IKGKZjdx,
ID_IKdtMduJ,
ID_IKslfXYC,
ID_IKzkNZpm,
ID_ILWnPslB,
ID_ILfSErPd,
ID_ILwLvTZV,
ID_ILzcnheI,
ID_IMEEnYqP,
ID_IMJZqyor,
ID_IMZQkJSz,
ID_INCeaYju,
ID_INHBFefC,
ID_INUXEUQL,
ID_INaMgvIu,
ID_INjIcyKZ,
ID_INrAdKoV,
ID_IOHmmhVT,
ID_IOIVRalm,
ID_IOZsXsxV,
ID_IOmJEsBa,
ID_IOmnDEWa,
ID_IOyiCHRR,
ID_IRVoaaiG,
ID_IRkXXxAX,
ID_IRvhAwvh,
ID_IRxevdLM,
ID_ISLQIMZp,
ID_ISWjhlyq,
ID_ITSrlzzr,
ID_ITsUUqhT,
ID_ITtLGnag,
ID_IUAZPUFv,
ID_IVvbtMes,
ID_IWCTKIlZ,
ID_IWDGLOhQ,
ID_IWllBvjL,
ID_IWzcBxTx,
ID_IXTmyLtg,
ID_IXVpbqnI,
ID_IYJaXQuT,
ID_IYKspJKw,
ID_IYppVqgj,
ID_IYsXRCck,
ID_IYyOiVtl,
ID_IZBdRFQY,
ID_IZCamRQl,
ID_IZCrOHFd,
ID_IZVrUarG,
ID_IZcrtfDV,
ID_IZkDCphw,
ID_IbAjQtyE,
ID_IbbKWKEr,
ID_IcvJORBQ,
ID_IdNBNSMU,
ID_IdRjCWXe,
ID_IdedvtCh,
ID_IegrVINu,
ID_IfGAqGez,
ID_IfNMtXFU,
ID_IfQBJjoi,
ID_IgmGhMai,
ID_IhXycknn,
ID_IhrPAJRV,
ID_IiHOgpXq,
ID_IiHqSYOS,
ID_IjVctepY,
ID_IjgmXudf,
ID_IjsESnZs,
ID_IjvYwMMz,
ID_IkGzQcyb,
ID_IkjtXuCw,
ID_IloezFLd,
ID_IltYMjbq,
ID_IluPIWtu,
ID_ImeKtTQf,
ID_ImkmGWyh,
ID_InkipDoQ,
ID_IooVBekW,
ID_IpmbPRCi,
ID_IrJyuJWz,
ID_IrPAdSEt,
ID_IrWVZiBo,
ID_IrmmNUwl,
ID_IrndktaE,
ID_IrxrpkVg,
ID_IsPFWXzc,
ID_IstOHkpg,
ID_Itbyocfn,
ID_ItlSkKnV,
ID_ItsMksiq,
ID_IuAqBejw,
ID_Ivguvfum,
ID_IvkZjlwA,
ID_IwEKpgGU,
ID_IwLiYWrV,
ID_IwvhRVuS,
ID_IwxTGlyZ,
ID_IxJyvnre,
ID_IxNehIMI,
ID_IyEwsTYz,
ID_IyGUGpfG,
ID_IyJJdPfv,
ID_IyjGESbz,
ID_IypoBAKm,
ID_IzIhEsVS,
ID_IzUtOsfl,
ID_IzmwNXAo,
ID_JABXtyVp,
ID_JAKqTbTH,
ID_JAsOrpTQ,
ID_JBCuAMhN,
ID_JBgEauGm,
ID_JCvadeaR,
ID_JDEnZMkl,
ID_JDdAAwTW,
ID_JDqKttbQ,
ID_JDvHkWaI,
ID_JEmaeYHp,
ID_JEtVhjUQ,
ID_JExhQiDi,
ID_JGgNbhgX,
ID_JGquwPtA,
ID_JHCVhUBm,
ID_JHevHyxu,
ID_JHosvmZP,
ID_JIxBHXCk,
ID_JJOixbMd,
ID_JJYNRXPi,
ID_JJckBhkJ,
ID_JJhmaxvp,
ID_JJnVNjft,
ID_JKIBsnsK,
ID_JKXyrHdq,
ID_JKdRbwPN,
ID_JKhTkQCw,
ID_JKhpoNdC,
ID_JKhyGZhJ,
ID_JLyZtBWf,
ID_JLzJerOO,
ID_JMISNDBA,
ID_JMPPAKhE,
ID_JMRQZobH,
ID_JMfQVLVt,
ID_JMwWSlHa,
ID_JMzshvTn,
ID_JOBLhzwY,
ID_JOahpbCD,
ID_JPIFYZRg,
ID_JPPKSAYt,
ID_JPrAvISb,
ID_JQAIuvKa,
ID_JQEvHdtP,
ID_JQMEIVEd,
ID_JQdmLbXm,
ID_JQwPuJPO,
ID_JRVEvQww,
ID_JRWUrFng,
ID_JRzgPwbg,
ID_JSCITGdf,
ID_JSJMALky,
ID_JSTFxLUg,
ID_JTLZOrAj,
ID_JTfXYbFN,
ID_JThsNxMA,
ID_JTuaRXnr,
ID_JUeDdkcr,
ID_JUkJozdm,
ID_JUnzISsV,
ID_JWcUnRvg,
ID_JWtWjkqS,
ID_JXFdYMWB,
ID_JXMmpztX,
ID_JXgVzakL,
ID_JYJKqzyf,
ID_JYUHHuZr,
ID_JYUNssMQ,
ID_JYcZVLHd,
ID_JYstquMd,
ID_JZAJxkHk,
ID_JaJoLamY,
ID_JaUStIso,
ID_JalzEhXu,
ID_JaoLGjRq,
ID_JauhHRnu,
ID_JbBJTuaM,
ID_JbftcFep,
ID_JcDOJGoq,
ID_JcNONffx,
ID_JcPbAwSf,
ID_JcbBRlXC,
ID_JdbCOQex,
ID_JdchkOXs,
ID_JdqFfkdh,
ID_JeLSFDro,
ID_JeYNPaub,
ID_JfqRVuUj,
ID_JgAQeJon,
ID_JgPEYkBp,
ID_JgTqBRCi,
ID_JgXgmarL,
ID_JgtZDpoP,
ID_JgvWAFwn,
ID_JhQDZVix,
ID_JhliQghY,
ID_JiQlITzY,
ID_JjGiGtjD,
ID_JjIdEwny,
ID_JkEgqXjY,
ID_JkekoLjg,
ID_JlGgqSXr,
ID_JlYHlIWe,
ID_JlbKWlcn,
ID_JmMcerIa,
ID_JmNeyZkw,
ID_JmkrIbTs,
ID_JmrlweXd,
ID_JnDDgJin,
ID_JnMVBEjW,
ID_JngicDid,
ID_JoDtPzmP,
ID_JofLWnLw,
ID_JolSuGXV,
ID_JpDAYHVg,
ID_JpKrTzea,
ID_JpWLOYHS,
ID_JpcRAbxH,
ID_JqDjYKEK,
ID_JqXGqltF,
ID_JqbcyEGP,
ID_JqcfdpEs,
ID_Jqojujhh,
ID_JrOfvnaQ,
ID_JrtUKerd,
ID_JsJBQJZo,
ID_JsfGIWID,
ID_JshFQcyE,
ID_JsqWOEiN,
ID_JtQWdPFV,
ID_JuIJxTgd,
ID_JutxGVCS,
ID_JvQnoKmW,
ID_JvhkYOFi,
ID_JvtEzJpc,
ID_JwkdALrE,
ID_JwwfcnXg,
ID_JyCZbGIw,
ID_JyMCcVHf,
ID_JzNCbsBj,
ID_JzfuVnnr,
ID_KAUdqYvc,
ID_KAYXcxtb,
ID_KBRnUyUK,
ID_KCRgcuWp,
ID_KDFvcuHv,
ID_KEYoqZVT,
ID_KEnmXIRh,
ID_KFkRFspa,
ID_KGPzcXIr,
ID_KGrvyWmq,
ID_KHKoHUBD,
ID_KHPZZchm,
ID_KHXkqFMx,
ID_KHfHNJzs,
ID_KIqLbiWV,
ID_KIyPmDOO,
ID_KJCJEkqL,
ID_KJSZGxVT,
ID_KJfhAFlV,
ID_KJgscLCv,
ID_KJmBJPIs,
ID_KJpRdPek,
ID_KJuleohL,
ID_KKRoBOKb,
ID_KKTHAQqV,
ID_KLZYvvvy,
ID_KLcRgNnU,
ID_KMDqwNuz,
ID_KMpTKEOz,
ID_KNIgzjId,
ID_KONsZbPl,
ID_KOhmyZgf,
ID_KPGEIpMd,
ID_KPtlcjSa,
ID_KPxxARGS,
ID_KQLpETqw,
ID_KRMfKVKJ,
ID_KSEdzXtS,
ID_KSzSmNwl,
ID_KTCsmfCO,
ID_KTeDXgdR,
ID_KTvpRCkM,
ID_KUDrYSLd,
ID_KVANTQsX,
ID_KVSEjnvO,
ID_KVoJVYUy,
ID_KWKUYSSV,
ID_KWNbmQQP,
ID_KWPrpQNR,
ID_KWWYxogk,
ID_KWhmEzKi,
ID_KXaCuqgM,
ID_KXkCWCDB,
ID_KXmFwKWY,
ID_KXpVzxhS,
ID_KXqHgzjV,
ID_KYEZCBAa,
ID_KYYwgKKS,
ID_KYkpqnuu,
ID_KZYuAzoS,
ID_KZkfLxEu,
ID_KZkxYnJG,
ID_KbcYNLdZ,
ID_KbpVrSby,
ID_KdPjqIrd,
ID_KdbXghFO,
ID_KdvgSXnU,
ID_KeFiVVzM,
ID_KeNCKmdK,
ID_KeNHQkOM,
ID_KehGQbDF,
ID_KfSoULaq,
ID_KfWLaHBx,
ID_KfexgcDw,
ID_KgRVMMpb,
ID_KgSmXORf,
ID_KgUUtWYG,
ID_KgWupmdd,
ID_KgkaNNiu,
ID_KhOXLDdD,
ID_KhTxbESF,
ID_KhtbbeIN,
ID_KiOGNTUl,
ID_KisLWpnh,
ID_KiwHWXIM,
ID_KjmBqZUf,
ID_KkDibbwa,
ID_KkhYoAYp,
ID_Klgoogvi,
ID_KmKHfsfm,
ID_KmeyCXQz,
ID_KmqLZMjk,
ID_KnerSHVg,
ID_KoJvhfuZ,
ID_KoOOcyGQ,
ID_KoafLNqu,
ID_KpJaTbMm,
ID_KpTrlAYh,
ID_KpnFBWhm,
ID_KqSfRQVs,
ID_KqdrxtOY,
ID_KrITVqbf,
ID_KrlFJUUY,
ID_KsSBaOld,
ID_KsvMGowK,
ID_KtUrmwoB,
ID_KtVOsrbp,
ID_KtdexeUn,
ID_KtzzDWXT,
ID_KuTWXtrl,
ID_Kudiwerq,
ID_KudvBOAn,
ID_KvBjDVzc,
ID_KvbXkpmL,
ID_KvgPWytq,
ID_KyZwdDqd,
ID_KynydjaN,
ID_KyqnZjus,
ID_KyyiOOad,
ID_KzOfbImc,
ID_KzWOCMhW,
ID_LAXDheqL,
ID_LAhTqLCq,
ID_LAtaowhQ,
ID_LBasoNnv,
ID_LBnyrPwB,
ID_LCoklxgH,
ID_LDWjuDXs,
ID_LFHPwrPt,
ID_LFJUuYtN,
ID_LFOSpbsI,
ID_LFaKXcNe,
ID_LFnqwtAz,
ID_LFomXpCn,
ID_LFzAYbGY,
ID_LGBHxtHn,
ID_LGZccOGH,
ID_LGhuGeKi,
ID_LGleFQif,
ID_LHKYOodE,
ID_LHpLUJOa,
ID_LIGtMUWX,
ID_LINckvgY,
ID_LIOzgFdA,
ID_LJBwmMjX,
ID_LJkwkEyV,
ID_LKFberUD,
ID_LKKvIrcj,
ID_LKhLZoco,
ID_LKhkYDdw,
ID_LKoZRIuw,
ID_LMELHCRU,
ID_LMJCWWPF,
ID_LMKmYEWF,
ID_LNCEuLvi,
ID_LOLxznDR,
ID_LOhoCuQc,
ID_LPKsGtvF,
ID_LPbbaxGj,
ID_LQZmOwMm,
ID_LQegjHBa,
ID_LQpTityw,
ID_LRAqqDKy,
ID_LRFJGina,
ID_LRkuFGIK,
ID_LSYQQYJR,
ID_LTedceTj,
ID_LTpzBvqU,
ID_LUUpyfoM,
ID_LUmNXPje,
ID_LUrkhiKg,
ID_LVqiWXhW,
ID_LVrNBhml,
ID_LVwpUuLy,
ID_LWLEMJoq,
ID_LWlYoPzj,
ID_LXkDOmmx,
ID_LYEARpzf,
ID_LYXSIvby,
ID_LYjeLKXS,
ID_LaEZxSzS,
ID_LaRDvJMi,
ID_LbHnQnbn,
ID_LbPGOAye,
ID_LbVZnDPM,
ID_LbioZtlQ,
ID_LbuVOJQK,
ID_LcHnYVUA,
ID_LctpPfqP,
ID_LdkyAqvs,
ID_LdzNtHKC,
ID_LeXyYGJJ,
ID_LezkSsKE,
ID_LfIiuQtI,
ID_LfoPAaik,
ID_LgBWgcdc,
ID_LhCJXavF,
ID_LhNzotFE,
ID_LhWziQwV,
ID_LhaPnhzH,
ID_LhlDPmKr,
ID_LhlNxvwl,
ID_LiAFFmEN,
ID_LiPCVeAD,
ID_LimerGwD,
ID_LiseGzwh,
ID_LizThXpz,
ID_LjDIvABY,
ID_LjRkEzkg,
ID_LkFiOjGl,
ID_LkdgvBzk,
ID_LlRnHWVg,
ID_LljACVCv,
ID_LluEycFh,
ID_LmHXVJpl,
ID_LmcBAnxl,
ID_LmggvKQR,
ID_LnCVpjgT,
ID_LnDWKxBy,
ID_LnJDtNvd,
ID_LnMudYKu,
ID_LnlyTNHs,
ID_LnuvRKgB,
ID_LoRgxyUe,
ID_LoTXUUeG,
ID_Lorurfed,
ID_LqBEOEIe,
ID_LqrYUodD,
ID_LquEtiqi,
ID_LqzFGzNP,
ID_LrVRyolC,
ID_LrVYsFLZ,
ID_LrbAYYVM,
ID_LrbOYZbE,
ID_LrlMxKYZ,
ID_LrnIWCoT,
ID_LroBODXN,
ID_LsSyOYGs,
ID_LsusWEWO,
ID_LtTiqGvS,
ID_LtgsjyUT,
ID_LtoncCWw,
ID_LuKUFXih,
ID_LucToZDR,
ID_LukKwwmM,
ID_LvGgHwpF,
ID_LveZgsns,
ID_LvuMfKLS,
ID_LwTQAids,
ID_LwbDFxAW,
ID_LwsWDzrt,
ID_LxXjaeCL,
ID_LxwEUEQc,
ID_LyNRexGs,
ID_LzTuWYQF,
ID_MAqETfYI,
ID_MAzigimj,
ID_MCAFmShV,
ID_MCbrUVUx,
ID_MChEEOlL,
ID_MDJcHsic,
ID_MDPFgLcP,
ID_MDUGGCIP,
ID_MEgidIxq,
ID_MEwowYMI,
ID_MFQMEHBj,
ID_MFcLKgWr,
ID_MFoteVcT,
ID_MGHWlXqd,
ID_MGPvrEiP,
ID_MGiWNDDU,
ID_MGlXUJGN,
ID_MHYsIBGg,
ID_MHYtvTmn,
ID_MHtRMMDf,
ID_MIbBIICv,
ID_MIeTyJvQ,
ID_MItoUbhy,
ID_MKSkaqQW,
ID_MKaMvraw,
ID_MKrYSOSV,
ID_MKxNWkIV,
ID_MKxlDrUU,
ID_MLBxtBbt,
ID_MLUoTBZg,
ID_MLpNqauZ,
ID_MMLkeysc,
ID_MMTsSRHT,
ID_MNIRQYLn,
ID_MNYzKfTu,
ID_MODGISyA,
ID_MOpCBhzC,
ID_MPCselHd,
ID_MPEZdtnb,
ID_MPQeWmBg,
ID_MPRlqDHC,
ID_MPWCVWLz,
ID_MQRIMroF,
ID_MQaDReRC,
ID_MRCNgNZW,
ID_MRNOHtWn,
ID_MRPyKURH,
ID_MRRgxraK,
ID_MRhjiPpW,
ID_MSIhffci,
ID_MSNZsrdq,
ID_MTSioAhk,
ID_MUGEonXT,
ID_MUVWpmzK,
ID_MUlHDBPk,
ID_MVDmknWN,
ID_MWgRBKxK,
ID_MWwTFYJU,
ID_MXGwlqRv,
ID_MXrzncWl,
ID_MXyQUzlD,
ID_MXziMiae,
ID_MYaiVvbS,
ID_MYmLlOsk,
ID_MYmPcapS,
ID_MafnhHHz,
ID_MapKaxuS,
ID_McQDoKnQ,
ID_MdEGzQaC,
ID_MdMyVxuy,
ID_MdxhIevd,
ID_MefAOsQS,
ID_MeuARqmz,
ID_MfejhEBx,
ID_MgMWFVUd,
ID_MgRitFZl,
ID_MgmzJteX,
ID_Mgramrbf,
ID_MhHxGycl,
ID_MhSdbIOU,
ID_MhxqopPm,
ID_MicGhiNH,
ID_MicdHlaw,
ID_MilfSswj,
ID_MjPDnAkG,
ID_MjuIfhgS,
ID_MkFbsXvQ,
ID_MkMAlRlR,
ID_MlFpLJXX,
ID_MlGsOsId,
ID_MlXMOXcq,
ID_MlxEHSje,
ID_MmBktGJO,
ID_MmCTVllA,
ID_MmyBRVFo,
ID_MnTXQvff,
ID_MnokSwls,
ID_MoSugJVS,
ID_MpsBZdhf,
ID_MqXVDkBG,
ID_MqoedFxo,
ID_MqrBrZsF,
ID_MqsRkkYc,
ID_MrZjpEtk,
ID_MrjiSvDV,
ID_MsAJffqK,
ID_MtCeUebf,
ID_MtTmZtmx,
ID_MtVAwymg,
ID_MuWWSLlH,
ID_MudDuRTJ,
ID_MvidNYva,
ID_MvxaWouB,
ID_MwbrILIV,
ID_MweCnVyZ,
ID_MwhqsUOu,
ID_MwtueDTR,
ID_MxLUrgMb,
ID_MysZCuWY,
ID_NAAFNUUx,
ID_NAtVJNHO,
ID_NBDXiNky,
ID_NCNJAEFD,
ID_NCPMzeJu,
ID_NCgMkDHV,
ID_NDhZwKsH,
ID_NDikyvRw,
ID_NFELgUan,
ID_NFQdyOxX,
ID_NFcCwjtB,
ID_NFeczyeG,
ID_NFerAunV,
ID_NFkdRtiO,
ID_NFubMhBe,
ID_NGBrJDvR,
ID_NGQCFtnR,
ID_NGSsjOkq,
ID_NGoqbbnj,
ID_NGycHdlh,
ID_NHPQLrLx,
ID_NHTqovYS,
ID_NHmRyXiA,
ID_NIWLVamu,
ID_NIefFeHE,
ID_NJQgGqHF,
ID_NJUEdpOn,
ID_NKcsdaVv,
ID_NKefbtKC,
ID_NLHuKPki,
ID_NLINwJPW,
ID_NLPHERyx,
ID_NLReKFkq,
ID_NLTKktNi,
ID_NLhewykn,
ID_NLlcYcyH,
ID_NLqNknOy,
ID_NMPsIjjd,
ID_NMShCWIG,
ID_NMmvTOcR,
ID_NMnyuEgZ,
ID_NMrQZXLh,
ID_NNIpEPfG,
ID_NNsouhEa,
ID_NOBecRiu,
ID_NOxjxDgU,
ID_NPUqrfba,
ID_NPheDBQz,
ID_NQDeJALu,
ID_NRGmYrjh,
ID_NRYCWSfk,
ID_NRdwNdQP,
ID_NRlmrscF,
ID_NSQLYjlR,
ID_NSTBURKW,
ID_NSxtaUoR,
ID_NTHLbboH,
ID_NTLoVsYT,
ID_NTSUfHiS,
ID_NTaipcDS,
ID_NVYHcoUk,
ID_NWGpwGGR,
ID_NWxYowQa,
ID_NXRAUDwo,
ID_NYAhMxiK,
ID_NYBHRpJT,
ID_NZhfzOgp,
ID_NZmxkBGU,
ID_NaISvZgc,
ID_Naivitio,
ID_NbFEqlcX,
ID_NbWZnuGU,
ID_NcSplzyg,
ID_NeKrJnQG,
ID_NeXCSdwk,
ID_NecpyTDB,
ID_NepdszEX,
ID_NfDBRsaO,
ID_NfvMZoQM,
ID_NgOubfNy,
ID_NgSceqcy,
ID_NhikkeUR,
ID_NhpOggjo,
ID_NhysHqHu,
ID_NiCMNRKj,
ID_NiVNEXuy,
ID_NjJvUSNZ,
ID_NjRIAMXd,
ID_NjbPUSGY,
ID_NkSswnyt,
ID_NkZsuWOl,
ID_NkyXtxhD,
ID_NlBrkVan,
ID_NmVgBhwU,
ID_NmcmLPNF,
ID_NmkNQubV,
ID_NnGFrTiP,
ID_NoMxHEAq,
ID_NolJkiqN,
ID_NpKjUbuX,
ID_NpvxAIzQ,
ID_NqNKCVzb,
ID_NqaLQIiN,
ID_NrBCCmDa,
ID_NrNWwSBy,
ID_NrTPKJFR,
ID_NrgyaRpj,
ID_NrwqAelu,
ID_NsAsgywC,
ID_NshHNMWf,
ID_NtQxTxsm,
ID_NtTOwyMi,
ID_NuCmNVle,
ID_NvAXRuup,
ID_NvNVRcAQ,
ID_NvzlqXlY,
ID_NwoBJEGL,
ID_NxKxxsqY,
ID_NxbEOQpQ,
ID_NxiNCaZv,
ID_NyLOPEns,
ID_NyQFOuQN,
ID_NyQjHjqz,
ID_NyXPJBtP,
ID_Nyepfwgf,
ID_NzDSHrYm,
ID_NzTqXdlP,
ID_NzlFSEDy,
ID_OBbUoXuf,
ID_OCaFdDHP,
ID_ODELLXtZ,
ID_OEYFKShy,
ID_OEmhCDMI,
ID_OEnLwmYe,
ID_OEvUTwLj,
ID_OFEiIXYI,
ID_OFYhYIgR,
ID_OFboPuLD,
ID_OFcJYQMV,
ID_OFeQfQlN,
ID_OFhUmfdJ,
ID_OGGnXlKn,
ID_OGIJxKiw,
ID_OGerNlPG,
ID_OGhFlDfc,
ID_OGpuOaSD,
ID_OHYUWYZF,
ID_OHvnkTFO,
ID_OIDqLDTl,
ID_OIIWdXua,
ID_OISaXFaI,
ID_OJKHsqyA,
ID_OJpVqTBx,
ID_OKWKMIng,
ID_OLbIYMeB,
ID_OLcdSJbn,
ID_OMNiIPGF,
ID_OMqBUHIc,
ID_ONryuQde,
ID_OOGBLHRs,
ID_OOmYSOwi,
ID_OPJdOhsj,
ID_OPjtlwng,
ID_OQIRPCxE,
ID_OQLtGJPg,
ID_OQrRrsEY,
ID_OQtCUskZ,
ID_OQwdQuPW,
ID_OQzHjicq,
ID_OSETsJhV,
ID_OSXYJHvv,
ID_OTQaXirJ,
ID_OTlmexIa,
ID_OUAXSjCh,
ID_OUGbbLtu,
ID_OUPvFrcU,
ID_OVjPCMtN,
ID_OXZgvKXg,
ID_OYGobAuG,
ID_OZTzXOLi,
ID_OaFCjHVh,
ID_OaoQCSyB,
ID_ObGFwIIF,
ID_ObJJjzXz,
ID_ObWVhvtp,
ID_OcCQjSgP,
ID_OcUJNiYj,
ID_OcfeoDdX,
ID_OcvJVWHk,
ID_OdXbiKXp,
ID_OetCeiAe,
ID_OfMECSEz,
ID_OflBTCqF,
ID_OfvYjIEv,
ID_OgNzwtOp,
ID_OgQkbKqw,
ID_OgdZZiRr,
ID_OhLmafKH,
ID_OhMnQlcE,
ID_OhYdFYBc,
ID_OiyqlctM,
ID_OjBlBKGi,
ID_OjqNhTAa,
ID_OkfxXAJQ,
ID_OlEDQSgI,
ID_OlwXOHLi,
ID_OmvOxgAn,
ID_OmzrRhRp,
ID_OnhpmAzA,
ID_OoGTqmtA,
ID_OoHZBLZt,
ID_OpFoOUYG,
ID_OqcSOGjJ,
ID_OqqTGQFz,
ID_OrKeuVEb,
ID_OrLXKRQT,
ID_OrhAyAJS,
ID_OsMvyAZr,
ID_OsNfigDe,
ID_OsTXiveg,
ID_OuDSJZoB,
ID_OukBtxOh,
ID_OutbMHcZ,
ID_OuvFrNph,
ID_OvBpLqqC,
ID_OwdaqPWV,
ID_OxypFyZI,
ID_OzCmqEeT,
ID_OzGAOmgB,
ID_OzOsrffe,
ID_OzRRTBFh,
ID_OzTYKdVS,
ID_OzmPJhoS,
ID_OztbljRq,
ID_PAHBfXKp,
ID_PANFfwvN,
ID_PATlenwY,
ID_PBaFjzLk,
ID_PCWNcPUU,
ID_PCXijBFc,
ID_PCdhGteO,
ID_PDFDFjXT,
ID_PDrZmbMH,
ID_PEKCOtaM,
ID_PEPLtsfv,
ID_PERhYGFp,
ID_PEofffNy,
ID_PFAhwwKp,
ID_PFWTSqlt,
ID_PFWkYeBm,
ID_PFZFpMle,
ID_PFpcJoDa,
ID_PFrzEubk,
ID_PGShgWKP,
ID_PGjRdbJZ,
ID_PGqGygsT,
ID_PHLdkvxY,
ID_PHcqnWlT,
ID_PHyZjUzR,
ID_PIZbHmAO,
ID_PIoVCcoh,
ID_PIyXIwYh,
ID_PJOxDxun,
ID_PJmKWAtZ,
ID_PJvtBiKO,
ID_PKehzxYp,
ID_PKerJkWD,
ID_PKfYILMj,
ID_PLttEhCK,
ID_PMGIAvdZ,
ID_PMLsSqvq,
ID_PMMdBYqa,
ID_PMxCKClS,
ID_PNBsWNPJ,
ID_PNQdXhvZ,
ID_PNVGDhnQ,
ID_POXLjrBh,
ID_POglrUMS,
ID_POgwehRu,
ID_PPOBQIPt,
ID_PPdwofPm,
ID_PQYUndmh,
ID_PQxUUZHV,
ID_PRVpyCDg,
ID_PRvScZLB,
ID_PRvUsgZG,
ID_PSlqaGza,
ID_PTZlUNsU,
ID_PURtVrAe,
ID_PVCumJXA,
ID_PVnVVXAR,
ID_PWEClWIT,
ID_PWdlXbiT,
ID_PWlLTryk,
ID_PXIZZOnN,
ID_PXLthvJI,
ID_PXSybHHR,
ID_PXWanVty,
ID_PXmHtnCS,
ID_PYTutbKc,
ID_PZTKimcr,
ID_PZatGUro,
ID_PZeIcaNg,
ID_PZjQjJHy,
ID_PZuyMaDX,
ID_PaZNglZK,
ID_PagmVMlI,
ID_PagnIgLN,
ID_PakTnvXT,
ID_PbCRpvkq,
ID_PbqUHwRn,
ID_PcLdPjqP,
ID_PcOsaFkH,
ID_PcTpTyaW,
ID_PcYtVtNs,
ID_PccSYLUb,
ID_PcillSHt,
ID_PdZaksYO,
ID_PeGBPIay,
ID_PeuPZQAA,
ID_PewhGsxF,
ID_PfFHZNpU,
ID_PfahXwOP,
ID_PgMtHbFK,
ID_PgbLcHuK,
ID_PglGjngj,
ID_PgnmDoPf,
ID_PhHQwmPB,
ID_PhlYMtRG,
ID_PhqNZIae,
ID_PiQDhcgt,
ID_PiZUVzdt,
ID_PimrxzMH,
ID_PirYCnNu,
ID_PiwfZitB,
ID_PkUlkXWn,
ID_PkpWkTZU,
ID_PlGwdflU,
ID_PlOKEZbJ,
ID_PlnenUhJ,
ID_PmWUryiP,
ID_PmkncBxA,
ID_PmqpKCcs,
ID_PmuZtDiH,
ID_PnUJjSjN,
ID_PpGpekwa,
ID_PpJpLdyc,
ID_PpbBXnOr,
ID_PpnSvVUE,
ID_PqHnlBRh,
ID_PqYDgRKs,
ID_PscUrDBR,
ID_PshjhrLw,
ID_PtJalYKJ,
ID_PteOXnTj,
ID_PuDPCncI,
ID_PukNLliZ,
ID_PvKrAFfs,
ID_PvaalIeT,
ID_PwmzowoE,
ID_Pwxyincf,
ID_PxTsaJrM,
ID_PxncXPtS,
ID_PyekYvlD,
ID_PyyzdJoE,
ID_PzUMxPIu,
ID_PzuvwhsM,
ID_PzyaXTqJ,
ID_QACBetiP,
ID_QAHViFFl,
ID_QAhbWgZg,
ID_QApyKBwH,
ID_QBvALFvx,
ID_QCFraTfd,
ID_QCMnantu,
ID_QCQrfKza,
ID_QCkVDBMq,
ID_QCwLCfBy,
ID_QDBGqsqo,
ID_QDdQhBDF,
ID_QDtnJGOO,
ID_QEDDLeOQ,
ID_QEeCSlny,
ID_QElgxTAh,
ID_QEnbhEwY,
ID_QEwgdsiZ,
ID_QFQZkhJr,
ID_QFwZAHdV,
ID_QGPQOWpQ,
ID_QGlbLcze,
ID_QGxmByvY,
ID_QHTumGhp,
ID_QHUujKcL,
ID_QHcfEgoZ,
ID_QHpUBNZM,
ID_QJNVcvrX,
ID_QJSkfUZh,
ID_QJWLZlqo,
ID_QJpWTKRf,
ID_QJsVbctL,
ID_QJzMLTOy,
ID_QKFQziOW,
ID_QKFcJjNO,
ID_QKMGdewk,
ID_QKiIcIpE,
ID_QKutZCpC,
ID_QLWUaEbl,
ID_QLYaOBYW,
ID_QLcHWzHT,
ID_QMBqRVQu,
ID_QMNoBbzR,
ID_QMWoWrtv,
ID_QMyFxDbU,
ID_QNGsDHJt,
ID_QONCbMeW,
ID_QOVclgxM,
ID_QOyUWhXX,
ID_QPSgypai,
ID_QPWDqZMS,
ID_QQPouIDp,
ID_QQUOGeKY,
ID_QQXfubXV,
ID_QQdpQAER,
ID_QQewXOFP,
ID_QQnWyKDC,
ID_QQoPRzJR,
ID_QQquVqZM,
ID_QQrxKQLm,
ID_QRCZBMud,
ID_QRHrrFHs,
ID_QRJZUmWT,
ID_QSCAgMru,
ID_QSLCkNre,
ID_QTDSgAjK,
ID_QTNhEEbi,
ID_QTPSGQvY,
ID_QTjZinxE,
ID_QTvKWPTI,
ID_QTyWovrq,
ID_QUAnwjcO,
ID_QUcSmVaq,
ID_QUngtoiT,
ID_QVKdWexk,
ID_QVXAoDBS,
ID_QVXVdPOo,
ID_QVnaAhZQ,
ID_QWQaWxov,
ID_QWudziLC,
ID_QYRHtTmU,
ID_QYZYiiAA,
ID_QYymiZHp,
ID_QYzpxrqm,
ID_QZcAoyUZ,
ID_QaEOcNzk,
ID_QaHoYoHj,
ID_QaYgKpvm,
ID_QapMlQJz,
ID_QbJiuceL,
ID_QcJCwNEj,
ID_QeGOyafP,
ID_QeNZICqF,
ID_QezzzSHW,
ID_QfdgCyqY,
ID_Qfpnzyvz,
ID_QgDOfwKf,
ID_QgKTkxkT,
ID_QgRYhsae,
ID_QgWgolFB,
ID_QgdSopJW,
ID_QgfMHexJ,
ID_QgmvycJH,
ID_QhRDUupS,
ID_QhrZmuvQ,
ID_QiHlOqbj,
ID_QigTZhtK,
ID_QiuIsfBJ,
ID_QjPuMZdh,
ID_QjWtSdIN,
ID_QkHChWdv,
ID_QkRUcrIG,
ID_QleQuxIL,
ID_QlweVzxl,
ID_QmYXDlWU,
ID_QmcNRAvo,
ID_QmjYcytz,
ID_QnjfmZzx,
ID_QpDgdnmR,
ID_QpVKJlti,
ID_QpiXZEQb,
ID_QqFSKIlR,
ID_QqbYpHoH,
ID_QqqhagfC,
ID_QqwbFmTe,
ID_QrHEedVQ,
ID_QrXkiVoC,
ID_QriUnZet,
ID_QsPUwukx,
ID_QsauoUnw,
ID_QswrpGFw,
ID_QtExpNzy,
ID_QtWHfWJg,
ID_QtlvZtjP,
ID_QtrmPFBT,
ID_QttVcvTD,
ID_QuCzBRld,
ID_QuLriIkM,
ID_QubuLoAx,
ID_QufdAHtg,
ID_QvTnqAcd,
ID_QvUyjPhU,
ID_QvxVpXZO,
ID_QvxuEYSY,
ID_QvylzskG,
ID_QwFQpDdm,
ID_QxLPyQhF,
ID_Qxikgedx,
ID_QyVaGHVn,
ID_QyfJupOz,
ID_QzfJuhuG,
ID_RAVerpMA,
ID_RAgPZDxf,
ID_RAhKNbxQ,
ID_RAxjggRB,
ID_RBBpcZLs,
ID_RBYGmbMB,
ID_RBwCsraq,
ID_RCNTOWZn,
ID_RCNtZEPP,
ID_RCVlaRER,
ID_RCbbgRgV,
ID_RDgkyUdU,
ID_REfJJLyF,
ID_REvnhTmn,
ID_RFCXVVvX,
ID_RFitNfAl,
ID_RGjlVAwt,
ID_RGwCvEVQ,
ID_RGzHGBKl,
ID_RHifPNQz,
ID_RHqkssLs,
ID_RIYZfwrT,
ID_RIxOlacY,
ID_RJSGFgNq,
ID_RJVYAyCj,
ID_RJpTODqm,
ID_RKoPbxWk,
ID_RLDTRxQI,
ID_RLFCNgYJ,
ID_RLkzpIBq,
ID_RMSxEiVv,
ID_RMogpQIl,
ID_RMuZHsBM,
ID_RMxlACDz,
ID_RNHZtsOO,
ID_RNLXpuYf,
ID_RNvOkiRz,
ID_ROaPmiGh,
ID_ROaTWEWz,
ID_ROmSlHay,
ID_ROreCaLM,
ID_RPYCUDsU,
ID_RPmlAZka,
ID_RPvNEswk,
ID_RQOxePqv,
ID_RQbsPIcW,
ID_RQxIMLBu,
ID_RRHpwcyt,
ID_RRaVjNvV,
ID_RSTLRyeV,
ID_RSWIQydi,
ID_RSdhXdaH,
ID_RSggIrkU,
ID_RSsnpGob,
ID_RTbIBZar,
ID_RUDdQGbt,
ID_RUOycFVy,
ID_RUZjzxXz,
ID_RUzXgXSd,
ID_RVEygbxB,
ID_RVNArrxU,
ID_RWfclcij,
ID_RWiUIIUU,
ID_RXJEfPns,
ID_RXQZZxKR,
ID_RXiBpMXI,
ID_RZKrGZQj,
ID_RZWkWMmJ,
ID_RaAtrdEf,
ID_RatVuYGO,
ID_RbJjubzN,
ID_RbbwklXC,
ID_RcJBfRvN,
ID_RcKghbEr,
ID_RcmxWwDb,
ID_RcuApOmJ,
ID_RdDioIlC,
ID_RdETDuDm,
ID_RfGCffbW,
ID_RfTBdYci,
ID_RfszsEhK,
ID_RgHiShDC,
ID_RgQEvgdM,
ID_RgtSMjlv,
ID_RgymaBpH,
ID_RgzkomGU,
ID_RhQieImz,
ID_RhZAYsHR,
ID_RhskQcNm,
ID_RiJjNZeh,
ID_RiwSMfjS,
ID_RiwbjJPh,
ID_RixrcCrC,
ID_RizCBmeT,
ID_RkDuwMaU,
ID_RlBwMrMF,
ID_RllpqxYd,
ID_RmTZPwtt,
ID_RmmsxQxr,
ID_RmtauOzB,
ID_RoaMAdSz,
ID_RoyNNCoS,
ID_RpFbcmrb,
ID_RppuZJWK,
ID_RpxSNBlZ,
ID_RqBWHCvQ,
ID_RqGIsaHa,
ID_RqjkySMn,
ID_RsQEMPvt,
ID_RtPrqChi,
ID_RtRFRRLa,
ID_RtyEYcFU,
ID_RtziERnk,
ID_RuGWPDNa,
ID_RvJBBPSI,
ID_RvRUNIUz,
ID_RvitlnPT,
ID_RwIduaph,
ID_RwRAGIWf,
ID_RwkBeyuK,
ID_RwpvFTbQ,
ID_RwvveweS,
ID_RxTkWKXG,
ID_RxprMUHI,
ID_RxxtEysi,
ID_RykHRbfz,
ID_RymDZhep,
ID_RzelLOjZ,
ID_RzuvEdNO,
ID_SAWQIobQ,
ID_SBLQGkHN,
ID_SByDmgZw,
ID_SDtJymdA,
ID_SEBVGpnT,
ID_SERWsnrj,
ID_SEUJumgs,
ID_SEccVMST,
ID_SEjwqLtC,
ID_SEtvwmQP,
ID_SFAOApDg,
ID_SFERuXmL,
ID_SFMaxkDs,
ID_SFpMzFHC,
ID_SGUjpiqJ,
ID_SGWTxoIH,
ID_SGoHMLUa,
ID_SGsyXckz,
ID_SGuyeiYX,
ID_SHNlHEwn,
ID_SIROWSDq,
ID_SJpCDyBz,
ID_SJvhcVWt,
ID_SLCRTEng,
ID_SLJsZEmW,
ID_SMISncWl,
ID_SMaFxgoY,
ID_SNRTrzvf,
ID_SNjYVyPU,
ID_SNkqjOWJ,
ID_SOIgQPWY,
ID_SPKykOBE,
ID_SPRLnxao,
ID_SPWKXyRG,
ID_SPoJvKrO,
ID_SPoVzKzB,
ID_SQRMjBYe,
ID_SQTYeWZm,
ID_SRjpXsfT,
ID_SSUAonEb,
ID_SSXXaTXh,
ID_SSoAwavE,
ID_STHUNzzf,
ID_STumMgxJ,
ID_SUNWkKgh,
ID_SVUHGQHv,
ID_SVgPeDKj,
ID_SWYhTayx,
ID_SWrqTDqY,
ID_SXZFOUwr,
ID_SXbXIYdL,
ID_SXrerwQl,
ID_SYRBcrYl,
ID_SYTyQgmd,
ID_SYUVknuP,
ID_SYYsuXeW,
ID_SYbkNxuA,
ID_SYyCGXzI,
ID_SZIUzetA,
ID_SZqmsNbs,
ID_SaTWGBKz,
ID_ScZVEoZm,
ID_SchGFsuM,
ID_SchIDczH,
ID_ScuRNoFo,
ID_SdZDetpI,
ID_SeKkZgyL,
ID_SeSEfLUK,
ID_SfFIcoBm,
ID_SfTiPMzz,
ID_SfvdBiSu,
ID_SgNisnRE,
ID_SgcgoBBc,
ID_SgssJDPJ,
ID_ShFPeRDR,
ID_ShNBvuNb,
ID_SiEIvchV,
ID_SiEstrIr,
ID_SiSaGBIn,
ID_SiTuEVSG,
ID_SiXpezpS,
ID_Siyslmaf,
ID_SjPBHxqE,
ID_SjkBAHzn,
ID_SkWWlFbk,
ID_SkkmWAcH,
ID_SlLHWoTw,
ID_SlXENWny,
ID_SlqEvqxk,
ID_SlwcshNk,
ID_SmhOxeCp,
ID_SmwsKiNB,
ID_SmzTsayJ,
ID_SnWOmKEz,
ID_SnnNVFCu,
ID_SoCIhwMs,
ID_SoGsKZpq,
ID_SoNVPvWR,
ID_SobBCWhK,
ID_SorCpBXg,
ID_SpHXoPvd,
ID_SpHxxwIB,
ID_SpKDSyFU,
ID_SpRNcmiH,
ID_SpYFPXiO,
ID_SqjKXSvr,
ID_SqjfLWjJ,
ID_SqpcAFId,
ID_Sqpmezwe,
ID_SsuWLQRH,
ID_SsvXxDrg,
ID_StKXSNlq,
ID_StvPlqYr,
ID_SuOtsNbx,
ID_SuZQsTYB,
ID_SvLUOvXr,
ID_SvLqyKMr,
ID_SvWcrNNt,
ID_SvdfUlFj,
ID_SvtDzWqC,
ID_SwTtJcLL,
ID_SxdhVDfp,
ID_SxpfUjBz,
ID_SyCcoxqb,
ID_SzwgHvPK,
ID_TAUOCFWi,
ID_TAjGkrPT,
ID_TBGOkMBV,
ID_TBeqPldL,
ID_TCPbVIKo,
ID_TCSGlnYT,
ID_TDAPexgd,
ID_TDBxMbYd,
ID_TDKoWjtf,
ID_TDiuWqPR,
ID_TEJUAjKW,
ID_TEceRkKv,
ID_TEdPgpua,
ID_TFIMHIcv,
ID_TFSYMluw,
ID_TFmNWKMl,
ID_TFmNtsFq,
ID_TFuWboIl,
ID_TGqZJQlX,
ID_THjZskFV,
ID_TIZRMkDS,
ID_TJVfjskg,
ID_TJWuueer,
ID_TJmnihBw,
ID_TJyZixjs,
ID_TLCaxuXc,
ID_TLCmlFik,
ID_TLhinhdR,
ID_TLtjTKCJ,
ID_TNNcoHUV,
ID_TNepyxbA,
ID_TNjjYyNf,
ID_TNrHtjDu,
ID_TOGZWBkZ,
ID_TOIAaPiD,
ID_TOdftKWC,
ID_TOsEOROv,
ID_TPSNZoZz,
ID_TPwtzpTH,
ID_TQAAWbEO,
ID_TQIJtQiK,
ID_TQXyLJKp,
ID_TQcqOnjw,
ID_TRRGrLfR,
ID_TRuebLcd,
ID_TSRRIsWi,
ID_TSXhCecO,
ID_TTIgsahq,
ID_TUbWtzmx,
ID_TVMhtqOO,
ID_TWyxFYbO,
ID_TXWytEWq,
ID_TYyxBuGN,
ID_TZDAYKAK,
ID_TZdmGSUh,
ID_TZhcpGIo,
ID_TZimVRZm,
ID_TaGYyTVE,
ID_TbHpEuqC,
ID_TbVqbVSz,
ID_TcDmohxU,
ID_TcruynvY,
ID_TctyladV,
ID_TcuowubN,
ID_TcuyoVDy,
ID_TdngwRNi,
ID_TeONLfrs,
ID_TebzeOYl,
ID_TfLvPPBZ,
ID_TfYrLlrv,
ID_TfefpjLS,
ID_TfsASlpX,
ID_TgLrqclo,
ID_TgWeRPkw,
ID_TgdPQxlU,
ID_TggzibFX,
ID_Tghmcthj,
ID_ThFTVXox,
ID_ThgjpQlg,
ID_TihfFQcR,
ID_TjIOmKID,
ID_TjLhUFeg,
ID_TjgpcKGT,
ID_TjxOEAID,
ID_TjzDihXP,
ID_TmBDPPTv,
ID_TmQTQOzo,
ID_TmeauNSa,
ID_TnEjQaJR,
ID_TnzKCSRK,
ID_ToEfGRKS,
ID_ToKGYqIl,
ID_ToYucdqp,
ID_TpUXDemV,
ID_TpXjWCpv,
ID_TpbXmZvg,
ID_TpjCKHIx,
ID_TpsgimcT,
ID_TqxXuQjP,
ID_TqzwjPnA,
ID_TrenTAWG,
ID_TrrXfjHo,
ID_TsONeAZS,
ID_TsQJZDuf,
ID_TseZfXRz,
ID_TszlBbmR,
ID_TtDFBbmq,
ID_TtRxBIvr,
ID_TtTkvFNX,
ID_TuMwghNY,
ID_TuXCoikg,
ID_TujqCHcx,
ID_TvVvTlcb,
ID_TvhrBGuH,
ID_TvkZtqcg,
ID_TvvUmRPg,
ID_Twqbcicd,
ID_TxFMsFjo,
ID_TxPUesge,
ID_TxjuurXE,
ID_TxrSraOw,
ID_TyMqYcDY,
ID_TyWCxuPs,
ID_TykjtOvB,
ID_TzDwoyam,
ID_TzGMAYZt,
ID_UAgStDFp,
ID_UApTGsaL,
ID_UBclLmrV,
ID_UCDeVvRY,
ID_UCLQxHds,
ID_UDONsknA,
ID_UDtITBZj,
ID_UEVytTUG,
ID_UEWNhrJL,
ID_UEWTaqxt,
ID_UFYjDIIv,
ID_UFluldYa,
ID_UFpFrVjh,
ID_UFsHiWAj,
ID_UGyhyFhV,
ID_UHyNhpXz,
ID_UIKTknqW,
ID_UIcEsXMX,
ID_UIewpipo,
ID_UIqRkcaP,
ID_UJCZEwlJ,
ID_UJICIHbT,
ID_UJQHTrOm,
ID_UJzPzEog,
ID_UKKVtqax,
ID_UKfbLOhW,
ID_ULRmltJQ,
ID_ULWrRKjE,
ID_UMDoDDwF,
ID_UMMaEkRT,
ID_UMgcPgIw,
ID_UOkbuuDr,
ID_UQBjpeGG,
ID_UQbvDFxI,
ID_URWiOqJa,
ID_URbNUvhj,
ID_URjWkkeK,
ID_USGcKguK,
ID_USRiflLF,
ID_USzuElws,
ID_UTLXSWJG,
ID_UTQBqRHO,
ID_UTTPHwKK,
ID_UTTwPOdf,
ID_UTjrMuiN,
ID_UTvNPYqQ,
ID_UUDZxhkt,
ID_UUFjUCWY,
ID_UUReJRWF,
ID_UUbzXPdf,
ID_UVAxjURG,
ID_UVGKqCVz,
ID_UVKLsxRS,
ID_UVUBrqgp,
ID_UVbaQFIE,
ID_UVusthii,
ID_UWLQcRIw,
ID_UWVUVavb,
ID_UWXPiSIg,
ID_UWYepuSU,
ID_UXEptWrq,
ID_UXKIasND,
ID_UXpLMGll,
ID_UYjTVHSN,
ID_UZkfZkEQ,
ID_UZpHwjZp,
ID_UcjrtmDb,
ID_UdMvmWSs,
ID_UdZSxUOH,
ID_UeCRyWBk,
ID_UeJBqvHj,
ID_UehIvhxJ,
ID_UfPGNwTY,
ID_UfggkRFI,
ID_UfkRmrqD,
ID_UfpwJMeO,
ID_UfqQBdkF,
ID_UgApdckw,
ID_UgGKsjNB,
ID_UgKetzMi,
ID_UgRSREOx,
ID_UgumRucD,
ID_UhZQteQo,
ID_UhdZkWdi,
ID_UiCVmufs,
ID_UiEufbdx,
ID_UiXgdIpk,
ID_UibLcFQO,
ID_UieaMdUy,
ID_UinGLXzY,
ID_UjTUtFmb,
ID_UjVXYkwK,
ID_UjVYViYk,
ID_UjmBTOeD,
ID_UkTJPnLO,
ID_UktNXdjq,
ID_UkwsNeih,
ID_UlfMBJaD,
ID_UmgJYFZm,
ID_UnSCLxeZ,
ID_UnhwVPBV,
ID_UoNoSgRF,
ID_UofVcZQv,
ID_UohoYAez,
ID_UqhMYouH,
ID_UrbJkGjc,
ID_UsMUulnY,
ID_UsXUWFXx,
ID_UsqzNvam,
ID_UsuLPMzQ,
ID_UtPdqzfW,
ID_UtXpeSWg,
ID_UtcBLTUp,
ID_UtfgJrli,
ID_UtmdeosX,
ID_UtrrbByk,
ID_UuKlDqvd,
ID_UuVGXult,
ID_UuhXRslF,
ID_UwABBLbh,
ID_UwCsOjpa,
ID_UwDPZkkA,
ID_UwsFgUuU,
ID_UxDmjIjz,
ID_UxEnjAOg,
ID_UxQVumqR,
ID_UxTadBZC,
ID_UxhhbiJM,
ID_UxkxMcEX,
ID_UyBennrB,
ID_UyGxRlsW,
ID_UyIbvBTD,
ID_UyYNzGIA,
ID_UyZtqScK,
ID_UyiPcTiA,
ID_UziBKCSB,
ID_UzouAhIX,
ID_VAYvjomI,
ID_VAbMjVsU,
ID_VAbStTEV,
ID_VArgUBlP,
ID_VBMefvAj,
ID_VBYTpBSV,
ID_VBfbFrGc,
ID_VBzquySx,
ID_VCILLTYL,
ID_VCNoORFh,
ID_VCYWBAcq,
ID_VDKOFtzJ,
ID_VDKYqgkP,
ID_VDQHfLWX,
ID_VDWEWTjt,
ID_VDzNwMlQ,
ID_VEavToJS,
ID_VFfeIQiA,
ID_VFvACsTi,
ID_VGOLyfIT,
ID_VGUQnAFg,
ID_VGZdhfui,
ID_VHVOvtvN,
ID_VHnMCFVs,
ID_VHsJIYfV,
ID_VIOifcFb,
ID_VISUPQQo,
ID_VImurINa,
ID_VIxSVALi,
ID_VIxXSapw,
ID_VIzOxksn,
ID_VJuswjSc,
ID_VKqPaazB,
ID_VLGKwhcw,
ID_VLKZxhOz,
ID_VLUOyFSk,
ID_VLYDqOcg,
ID_VLpqJkSQ,
ID_VMTuwTij,
ID_VMZRMUTF,
ID_VNYdrKCM,
ID_VNgmtpJu,
ID_VOzRTwrY,
ID_VPgvKVsQ,
ID_VPvnQOCS,
ID_VQMLIhsI,
ID_VQTGGnzJ,
ID_VQWahqqo,
ID_VRJhaodE,
ID_VRTlWlDo,
ID_VRfkvwNs,
ID_VRlbWCfE,
ID_VRsjiEND,
ID_VSPWbZcZ,
ID_VSdUNHtx,
ID_VSsaCmzz,
ID_VTUCAmgO,
ID_VTXzZyBN,
ID_VTfyUMVp,
ID_VTtSOESw,
ID_VUBooMPz,
ID_VUjkRRnI,
ID_VVIhxqJv,
ID_VVnnGidM,
ID_VVyVbTCV,
ID_VWNnFiaA,
ID_VWkHipXx,
ID_VXNjqWFZ,
ID_VXcJnuxY,
ID_VYgIYVui,
ID_VYidlsFP,
ID_VZClirnF,
ID_VZFEOxTE,
ID_VZOboCDq,
ID_VaISuchu,
ID_VaeTYczC,
ID_VajvUapz,
ID_VbFzXRHF,
ID_VbRxNIdb,
ID_VbUdzOHF,
ID_VcEMkbtW,
ID_VcKrhoBk,
ID_VcTbWTpB,
ID_VcZvEvlF,
ID_VdXxLTUu,
ID_VdvUQpWp,
ID_VdzboEMm,
ID_VekiBGgY,
ID_VexElMnX,
ID_VfCohmnI,
ID_VfIBLknB,
ID_VfKVwLzl,
ID_VfSitchr,
ID_VgTPxHWg,
ID_VgZwOHWG,
ID_VgjWxDvY,
ID_VhGVptRU,
ID_ViHOcGLY,
ID_ViIXswsp,
ID_ViTBciZz,
ID_VieKLVMF,
ID_VjacKMcM,
ID_VjlBwHji,
ID_VjrAYChv,
ID_VlRsHOfE,
ID_VmJcCFje,
ID_VmJdpxHB,
ID_VmaMXCuH,
ID_VmwaidgK,
ID_VnRpugOw,
ID_VngxcpMg,
ID_VpMMRkBt,
ID_VpatWlMn,
ID_VqCJyBmP,
ID_VqmpWmtE,
ID_VqyAnpki,
ID_VrTsprlK,
ID_VrhowHiP,
ID_VsWHxZYp,
ID_VsnSatES,
ID_VtAhgzfU,
ID_VuKEYgmI,
ID_VuPncobU,
ID_VuQqZxCU,
ID_VuXDfhfg,
ID_VuwGeqxT,
ID_VvhPWQeL,
ID_VviWZrpe,
ID_VvoAnZxe,
ID_VwQiyDTC,
ID_VwXQFdnA,
ID_VwjLyOFV,
ID_Vwnouvuj,
ID_VxESEYkv,
ID_VxVNUPcN,
ID_VxzIIvsl,
ID_VyCGSaXi,
ID_VyPGZLqV,
ID_VyVrBjzu,
ID_VyaOAkzT,
ID_VzbjRQkU,
ID_VzcIdeaq,
ID_VzmTRLhx,
ID_WADEriiI,
ID_WApHVDjQ,
ID_WArligtL,
ID_WBHNqvEj,
ID_WCaIoWJU,
ID_WCdchIIx,
ID_WDACtJUL,
ID_WDDKojyL,
ID_WDYNfjqE,
ID_WEgsjqoc,
ID_WFXuMjBS,
ID_WFdvUiGZ,
ID_WFkvGpLj,
ID_WGMSEJua,
ID_WHGUUdci,
ID_WHWuQizX,
ID_WHkIvOlA,
ID_WHuhvdoV,
ID_WIIWUbvt,
ID_WIemRONu,
ID_WIlpyQiw,
ID_WImktLvW,
ID_WJCfaPiw,
ID_WJUPwokr,
ID_WKuBaqGp,
ID_WKywBHul,
ID_WKzRiJLp,
ID_WLAAKygD,
ID_WLTKDKxW,
ID_WMdBsRsR,
ID_WMjjfmfo,
ID_WOHUuktO,
ID_WQbPiKMB,
ID_WQjxwEMr,
ID_WRASsbPp,
ID_WRhIFNGB,
ID_WRiaKzrz,
ID_WSxZDFrK,
ID_WTLfbaDY,
ID_WTPYmKKs,
ID_WTYlqfPt,
ID_WTmIrfRj,
ID_WUKPBhxp,
ID_WUemATqx,
ID_WUtseAnn,
ID_WVAjUAdl,
ID_WVVsquXR,
ID_WVYMIADT,
ID_WWSYPEFK,
ID_WWmZptSA,
ID_WXSHNSFn,
ID_WXokPKPM,
ID_WYGOSIXP,
ID_WZEgrwlI,
ID_WZvQYlRj,
ID_WZzxJHQW,
ID_WaxhIJhb,
ID_WazvOzFa,
ID_WbAoHlQN,
ID_WbZQFTPY,
ID_WcCqxkwD,
ID_WcHxDCXf,
ID_WcLyRzxB,
ID_WcqPasBj,
ID_WdRbsccv,
ID_WdyaFUpl,
ID_WdzsbwuY,
ID_WeBcFEgr,
ID_WeETahfF,
ID_WeTTggou,
ID_WeivfjyI,
ID_WekohBal,
ID_WfHGvalx,
ID_WfLGNShX,
ID_WfThXqnO,
ID_WgiZzbLN,
ID_WguVEiUO,
ID_WgycRjOY,
ID_WhNkmPUs,
ID_WhWRLjTD,
ID_WhzLSRwL,
ID_WiOmnfgk,
ID_WiblrVGx,
ID_WidiXSUw,
ID_Wilsiotx,
ID_WiyHZuPE,
ID_WjkQGFrq,
ID_Wjmefwfh,
ID_WkgXazCu,
ID_WkjFEWxj,
ID_WkrGvKNT,
ID_WkwwYfsd,
ID_WldcflAP,
ID_WmHmEdJF,
ID_WmdVnoWg,
ID_WmiYgGqu,
ID_WnOSxmfO,
ID_WnibTNgv,
ID_WnyJfBlm,
ID_WoEjSoQH,
ID_WoSkIkCB,
ID_WogrbPpt,
ID_WolpyjET,
ID_WpJTxNCX,
ID_WpdbaWxZ,
ID_WpoRmkiR,
ID_WqaLpnnn,
ID_Wqcaumyc,
ID_WqmebFCY,
ID_WqxRqzrK,
ID_WrKyBEqG,
ID_WrZmHqkd,
ID_WroQLVXn,
ID_WrodoLhw,
ID_WsCnNHQU,
ID_WsdVTqRg,
ID_WsmBhwMy,
ID_WtFWXUgk,
ID_WtRzSMdM,
ID_WtUENdzx,
ID_WtZZQuPY,
ID_WuXmkuZR,
ID_WuZQVYFI,
ID_WuobtxcW,
ID_WupHZCGx,
ID_WvisXDLI,
ID_WvnogJcF,
ID_WwaeEldO,
ID_WwfHVnTN,
ID_WxAELHVI,
ID_WxIJVktr,
ID_WxUaFDmn,
ID_WxZXbduq,
ID_WxkyrezO,
ID_WzhoLngA,
ID_XAAfkdiv,
ID_XAXXbmhZ,
ID_XBCkyxJk,
ID_XCGsuOgs,
ID_XCdXpmpC,
ID_XDpbNhvm,
ID_XEAXwNuf,
ID_XEfexCNF,
ID_XEnPnJvn,
ID_XFXpiwgg,
ID_XFpJHZPY,
ID_XGgMnUdf,
ID_XHMTWTtI,
ID_XHMVIuZl,
ID_XHhHwsic,
ID_XIAbLOEI,
ID_XICUKUAE,
ID_XIhslRfe,
ID_XKgdSUhE,
ID_XLCpdrdF,
ID_XLLpnVmq,
ID_XLwaIcjX,
ID_XMRnESFJ,
ID_XNFGGnic,
ID_XNgOZvYN,
ID_XOQWivvj,
ID_XOWVpOef,
ID_XPJwwbBm,
ID_XPRFKjtC,
ID_XPtWjzAq,
ID_XQhFcwGW,
ID_XQjLbOxj,
ID_XRVKmCbZ,
ID_XSDkCCSS,
ID_XSflYEYM,
ID_XSihUISv,
ID_XTGzPhNE,
ID_XTNIKopi,
ID_XTqfgEsJ,
ID_XUHmSWDg,
ID_XURcmUoy,
ID_XUkTyTGZ,
ID_XUszoYOQ,
ID_XUxmPbCG,
ID_XUzFLAmt,
ID_XVMkNbsm,
ID_XVWUULri,
ID_XVtcVwCw,
ID_XVvjofHb,
ID_XWbjdNjN,
ID_XWmeMXtQ,
ID_XXJnUHut,
ID_XYTOMsmD,
ID_XZEDFWKd,
ID_XZOJSxFQ,
ID_XZZHVvCD,
ID_XZZbHJLC,
ID_XZaHdzmO,
ID_XZmAYqxg,
ID_XauMDSbW,
ID_XbPcaaqw,
ID_XcEWeFPw,
ID_XcFUxgIx,
ID_XcSlrRez,
ID_XcfArtCO,
ID_XeTuTBYq,
ID_XeYLGkok,
ID_XemCDcwt,
ID_XeolbCxi,
ID_XfNOFVGe,
ID_XfwLwtRz,
ID_XgYbkfBX,
ID_XhGehUzk,
ID_XiZrhucB,
ID_XipKsRaO,
ID_XjBKrFSZ,
ID_XjHHVfzT,
ID_XjRkoLVg,
ID_XjpEtSkh,
ID_XkEYnsRI,
ID_XkdSWqWY,
ID_XkxjmPWn,
ID_XmXDUGwL,
ID_XmYdDynv,
ID_XnFIoCTe,
ID_XnsmBUua,
ID_XnuTDduZ,
ID_XoCHvbCx,
ID_XoSvRdbU,
ID_XpZJCfhg,
ID_XpaqJQxz,
ID_XprdXyUZ,
ID_XqahFDvj,
ID_XqixHahB,
ID_XqoSTUbP,
ID_XqqilDLt,
ID_XqsrvihL,
ID_XqzGjeAQ,
ID_XrGrlrrD,
ID_XrQZodWc,
ID_Xsffnfgb,
ID_XsogMZEp,
ID_XtgrEjda,
ID_XtnpzdsS,
ID_XuLhFAko,
ID_XuQLjVgz,
ID_XuliNJvy,
ID_XvLVlAUs,
ID_XveJRiJt,
ID_XwBLLxgi,
ID_XwTgBMtf,
ID_XwgsWFAs,
ID_XxJFdcRp,
ID_XyBmnADz,
ID_XzwUvTah,
ID_YAqsYhHj,
ID_YBOpvJtd,
ID_YBZrbLAL,
ID_YCEnAYJF,
ID_YClkiKEv,
ID_YDWSeqJM,
ID_YDwOSKWJ,
ID_YEIerdvG,
ID_YEMLdfPf,
ID_YERKhPSN,
ID_YFRanSgM,
ID_YFaIYcJD,
ID_YGZRWFRc,
ID_YGluIJlo,
ID_YHJfqFeK,
ID_YHbXcMCS,
ID_YHoCfZxT,
ID_YIGHEfWJ,
ID_YIVFgJYZ,
ID_YIYYbjOk,
ID_YIiwhjai,
ID_YItTMEIo,
ID_YKKoeXJx,
ID_YKSHtHaa,
ID_YKTQmooj,
ID_YLCJopxW,
ID_YMqpCBvn,
ID_YMrCmOSh,
ID_YNCqClAm,
ID_YNKKlakv,
ID_YNgpMOWc,
ID_YNngEPzS,
ID_YNzdElWy,
ID_YOEvJQzI,
ID_YOPkBqTc,
ID_YQDkVCrM,
ID_YRGKMafc,
ID_YRGtQupW,
ID_YRUhyKIC,
ID_YRUtkVyn,
ID_YRxjrLEk,
ID_YSRaCsza,
ID_YSYQuTxd,
ID_YSiPGoJn,
ID_YTAbYqHd,
ID_YTIhpPOF,
ID_YTSQObJt,
ID_YTcPIPCR,
ID_YTjWuTvZ,
ID_YTlXuLOM,
ID_YVEJtOQM,
ID_YWUdGSQY,
ID_YWXsagcM,
ID_YXwNAxXD,
ID_YYRmqcOw,
ID_YZaAYNBT,
ID_YbEbuyJa,
ID_YbHxYtSS,
ID_YbivBDwa,
ID_YbrQjAen,
ID_YcEhezWG,
ID_YcHMfneK,
ID_YcmXZkzD,
ID_YdEhSdUm,
ID_YdMFSIDf,
ID_YdYkXVWl,
ID_YdkJDzZI,
ID_YdpKFrxs,
ID_YdqJmFmE,
ID_YeBNfmmk,
ID_YedrGJAU,
ID_YeqCThpF,
ID_YfXdBACd,
ID_YffcmvpX,
ID_YgOHnbmb,
ID_YhjzTSxJ,
ID_YhurTSQa,
ID_YhzgGxZj,
ID_YiDOuhIj,
ID_YiiGErwG,
ID_YjPtSpxF,
ID_YjUJEGUn,
ID_YjkpMOgJ,
ID_YjrLvmza,
ID_YjwbndmO,
ID_YklpxqDX,
ID_YlTqlYSn,
ID_YlpuJKgE,
ID_YmJHzArl,
ID_YmQVlBtw,
ID_YmQbAxjF,
ID_YmcEpTnW,
ID_YnBOTsKH,
ID_YnWBYzhI,
ID_YnhsYJRg,
ID_YoEIwEQG,
ID_YpEMbJdH,
ID_YqVDucXp,
ID_YqlfEvAO,
ID_YrDAPSlf,
ID_YrGSadyt,
ID_YrZZUUER,
ID_YrajELYs,
ID_YrakQNwn,
ID_YsLGzcxy,
ID_YsOKZLRZ,
ID_YsWgTkpk,
ID_YswmgUPi,
ID_YuUvPwHh,
ID_YumWFTvp,
ID_YusBjJKx,
ID_YvCIzzbG,
ID_YvvtNGxZ,
ID_YwqrKRbX,
ID_YxACgxNq,
ID_YxDTWpgj,
ID_YxkuGsYH,
ID_YxmjmKxL,
ID_YyYcKQPL,
ID_YzgmThTJ,
ID_ZAAeotfF,
ID_ZAZrsedc,
ID_ZArbMoWW,
ID_ZBIEzsyr,
ID_ZBMQbcTh,
ID_ZBMZgMzH,
ID_ZBYLDXsy,
ID_ZBoJxJlL,
ID_ZBrzajqG,
ID_ZBycFqpU,
ID_ZCHKFhan,
ID_ZDikNxjb,
ID_ZEATCWIY,
ID_ZFVtniEZ,
ID_ZGNgQLjH,
ID_ZHHYrVYw,
ID_ZHMhkqAk,
ID_ZIbNgvdH,
ID_ZJnvDMCO,
ID_ZJuLjGuj,
ID_ZKaTsEnp,
ID_ZKowJwVZ,
ID_ZKpoqJvO,
ID_ZLbBhsoc,
ID_ZLeWJbVf,
ID_ZMAJrLuP,
ID_ZMgNVBRE,
ID_ZMqUjqCN,
ID_ZNHPVDJn,
ID_ZNmYQJud,
ID_ZOkbAPiS,
ID_ZOsacLQu,
ID_ZPFYFVci,
ID_ZPfBpgbQ,
ID_ZPhfwZsV,
ID_ZQOYVhoh,
ID_ZQULwokF,
ID_ZRAxayqr,
ID_ZRCpAENE,
ID_ZRZRwGeK,
ID_ZReQnMSF,
ID_ZRkwpcXf,
ID_ZRoeRhzz,
ID_ZRvFTFvW,
ID_ZRxGWQsx,
ID_ZSbltjOw,
ID_ZSwzHeGf,
ID_ZTVLHyWg,
ID_ZTdFdhwR,
ID_ZTzjyPeV,
ID_ZUGJKrAF,
ID_ZUNiDFsO,
ID_ZUPOvAra,
ID_ZVDLkClQ,
ID_ZVUsTvqg,
ID_ZVueCOeJ,
ID_ZWkexzJE,
ID_ZWtRtXCF,
ID_ZWtudBln,
ID_ZXJnjvVg,
ID_ZXSuTFeL,
ID_ZYSjslRF,
ID_ZYmWlqqr,
ID_ZZZWMVKo,
ID_ZZaFtsqf,
ID_ZacQQpDP,
ID_ZbVeyoWt,
ID_ZcQrVTzY,
ID_ZcVIsDfU,
ID_ZcmGOWoC,
ID_ZdEQVAHE,
ID_ZdwXyYFI,
ID_ZehwzMMC,
ID_ZesxRvUx,
ID_ZeziYKNo,
ID_ZfHrrMTK,
ID_ZfYWLbxH,
ID_ZfaZHUoN,
ID_ZfcippPG,
ID_ZffRecBZ,
ID_ZgFRvpAe,
ID_ZgcLaXwH,
ID_ZhJarZKh,
ID_ZhNrdDBX,
ID_ZhxbYiNc,
ID_ZiSMnIJb,
ID_ZiZKpFco,
ID_ZivAncav,
ID_ZjCSVhOg,
ID_ZjHSQtSB,
ID_ZjgFAFQJ,
ID_ZkSIaIQN,
ID_ZlCArpWV,
ID_ZlojQAex,
ID_ZlykKfwG,
ID_ZnspMZYk,
ID_ZoUSddAV,
ID_ZoxRYmVu,
ID_ZpBSTIaS,
ID_ZpPOdypg,
ID_ZpUCBajs,
ID_ZpgTgBji,
ID_ZpipwTSG,
ID_ZpvNiqxx,
ID_ZrPYZWPH,
ID_ZrWDWxOh,
ID_ZraYdXOz,
ID_ZribadUL,
ID_ZsFYRsIc,
ID_ZsKkhhlM,
ID_ZtEHmHnI,
ID_ZuBMUbzm,
ID_ZuCAtHxu,
ID_ZuVQNKdQ,
ID_ZulBKmJM,
ID_ZvycNxsN,
ID_ZwnJvyhi,
ID_ZxMAzHNw,
ID_ZxMsYbOf,
ID_ZxqxzfrG,
ID_ZyEmvfff,
ID_ZzRxAufW,
ID_ZzlLXCVR,
ID_aBGDcDYl,
ID_aBiqCHtk,
ID_aBzbTMAV,
ID_aCdholCe,
ID_aCtyRGFX,
ID_aDqJXTyw,
ID_aDwjYsRX,
ID_aDyARuYg,
ID_aEKZPmSl,
ID_aFBBjfnc,
ID_aFDkxOzN,
ID_aFPOuIRp,
ID_aFlqtDtQ,
ID_aGhFlAEx,
ID_aGjFraSz,
ID_aGrOmqZU,
ID_aHMMFhOY,
ID_aIGuPGZN,
ID_aIuoLVWG,
ID_aJEfsAnu,
ID_aJaNNWVj,
ID_aJiBJbFo,
ID_aJvWMvKw,
ID_aKMelbrk,
ID_aKbdebqA,
ID_aKhAuivz,
ID_aKkyvodf,
ID_aKtOpUWf,
ID_aLFoFiTK,
ID_aLqXscbx,
ID_aMDJnALn,
ID_aMaEjxeg,
ID_aMekOTgd,
ID_aNHcjgNi,
ID_aNlkjyCJ,
ID_aOpAqJMT,
ID_aPHLgSXJ,
ID_aPHyZrjj,
ID_aPWtTUiv,
ID_aPcsbkrg,
ID_aPhLeBAR,
ID_aPtnhPkn,
ID_aQJUtmWx,
ID_aQglbcsE,
ID_aQwBksdr,
ID_aRGSTdGI,
ID_aRawtMBm,
ID_aReizKUe,
ID_aSBlCwJu,
ID_aSGIOYUV,
ID_aSijzeNv,
ID_aSugaKlO,
ID_aSujgUUQ,
ID_aSwgmxab,
ID_aTPuQQrC,
ID_aTkhrqUO,
ID_aTsYpgwO,
ID_aUWCpYqM,
ID_aUdYqBDd,
ID_aUdutViQ,
ID_aUlRCDLF,
ID_aVOjGyWU,
ID_aVUzfMpZ,
ID_aVVFuvXc,
ID_aWricOtR,
ID_aXDRTogf,
ID_aXlHsJmz,
ID_aYJYVFyL,
ID_aYLriAzm,
ID_aYWDvtBa,
ID_aYfITBdH,
ID_aYqBnyhe,
ID_aYygpIxd,
ID_aZGIkGoS,
ID_aZPxXUEx,
ID_aZUWnKhM,
ID_aZkUsnZn,
ID_aZuzjMoC,
ID_aaNIYHtA,
ID_abHuuPby,
ID_abkbvSdA,
ID_abrZEvys,
ID_acostdWH,
ID_adcgsxGX,
ID_aehleGJR,
ID_aeiezfyp,
ID_agTGWmej,
ID_agkXNtjI,
ID_agrTMaKM,
ID_ahIzIJyN,
ID_ahPtUeaQ,
ID_ahmCSGYm,
ID_ahwCHRBD,
ID_aiAZZmBY,
ID_aibKpcyB,
ID_aiiGhOAj,
ID_aizSWoHK,
ID_ajBdhZpb,
ID_ajVwCUYF,
ID_ajemzsTN,
ID_ajlWwveQ,
ID_akfccIqo,
ID_akmiNsPh,
ID_amCNrFnQ,
ID_anSqoiTe,
ID_anWzksvm,
ID_anaQIAAa,
ID_aoNjZUhQ,
ID_aooDrSXp,
ID_apOjFtCf,
ID_apgqgZLf,
ID_aprJjXJW,
ID_apraujhi,
ID_apszBjuG,
ID_apyNCONl,
ID_aqFBcKmU,
ID_aqkjsGZF,
ID_aqsPaYOW,
ID_aqzSGdTl,
ID_arMXTHhV,
ID_arPRJcRy,
ID_arxGSbGy,
ID_asfsFtMm,
ID_asqGNQBP,
ID_auERxngd,
ID_auWmdOmE,
ID_avlwcdIm,
ID_avmzDXzG,
ID_awSFHRYo,
ID_awiEDgyi,
ID_axCpYQln,
ID_axYhWSQS,
ID_axezJipG,
ID_ayBfgAcD,
ID_ayUOdBKG,
ID_ayYdugqB,
ID_ayvocWvl,
ID_ayzjoiOr,
ID_azMOrXXQ,
ID_azVtldvG,
ID_bATfGfyB,
ID_bAZNfTdX,
ID_bAwzJxij,
ID_bAzqThci,
ID_bBXssjYM,
ID_bBvkcvHw,
ID_bBwkkdQK,
ID_bCDJGpET,
ID_bCLQpgOb,
ID_bCfNUsaT,
ID_bDCdZkwk,
ID_bDOtQESK,
ID_bDRfyXLJ,
ID_bDXewTKr,
ID_bDZgWlSx,
ID_bDbkQMzb,
ID_bDvyjBDW,
ID_bEFEfGpp,
ID_bEnTrHNz,
ID_bFZALNGD,
ID_bFcBDCyb,
ID_bFcUWbfd,
ID_bIOeAbGQ,
ID_bJByhquH,
ID_bJhIMKpU,
ID_bJkWmlla,
ID_bKHzAFyl,
ID_bKrKtUPH,
ID_bKsaxWbr,
ID_bLlAQIpX,
ID_bLoyctBM,
ID_bLxZsUtz,
ID_bMAhQOwg,
ID_bMEnOcKG,
ID_bMRmCKCs,
ID_bMZLuVIj,
ID_bMdacIMZ,
ID_bNYzdEee,
ID_bNgiDTrq,
ID_bNtuJyCq,
ID_bOIafCKF,
ID_bOJlIEGE,
ID_bOUyvtOh,
ID_bOWZnnkz,
ID_bOllaOTK,
ID_bOqvZfkO,
ID_bQCHDGTV,
ID_bQVEZNQY,
ID_bRqKeCrh,
ID_bSlMXaJX,
ID_bTKDRJOT,
ID_bTWUJaci,
ID_bTbEyPXm,
ID_bTiXfvqQ,
ID_bUpSCbio,
ID_bVFMExxa,
ID_bVReOHZP,
ID_bVdrnYnq,
ID_bWJSYwnL,
ID_bWOLjose,
ID_bWTczWEF,
ID_bWWNAPNz,
ID_bWfZegPD,
ID_bWxMusJR,
ID_bXGhKveG,
ID_bXPTHnvx,
ID_bXasYLMd,
ID_bXssAdyg,
ID_bYBSHtbU,
ID_bYBmqjQH,
ID_bYcVAEdX,
ID_bYmJuAwQ,
ID_bZAccBka,
ID_bZnqQotv,
ID_baIyGwRz,
ID_baLhdBDD,
ID_bajsRnBr,
ID_bauecSGi,
ID_baxApsfW,
ID_bbPhyLJr,
ID_bbWjAMBG,
ID_bbXUopWa,
ID_bbqWUbcC,
ID_bcFGllqR,
ID_bcSQaOvu,
ID_bccuDEbV,
ID_bcpILkco,
ID_bdDTFZOh,
ID_bdKCIUYc,
ID_bdrvjeVq,
ID_bdzLQHGp,
ID_beUoOCRA,
ID_beZrBBhu,
ID_bedTsMuo,
ID_bfUqMWMl,
ID_bfjSPPOB,
ID_bfpzzkFA,
ID_bgNFIapZ,
ID_bgaXDXxL,
ID_bgzzvMaX,
ID_bhXwJiuO,
ID_bhsDECJc,
ID_biAVEdej,
ID_biPjJvDN,
ID_bihfcSer,
ID_binvayhX,
ID_bjQniHXD,
ID_bjTNxTih,
ID_bjfmlZaD,
ID_bjnXJkoz,
ID_bkMyjShY,
ID_bkPWbSNr,
ID_bkZNryBW,
ID_bkfITBjh,
ID_blpZSGBT,
ID_blufdjiM,
ID_bmpXoRot,
ID_boHaancn,
ID_boINNvmb,
ID_boOWwHZk,
ID_boaCNCOn,
ID_boivhXBR,
ID_bozktpIb,
ID_bptPuOnk,
ID_bqBwJVyT,
ID_bqLETOSM,
ID_bqeCByRn,
ID_bqnBQgmc,
ID_bqpSvQJe,
ID_bqrGLSDf,
ID_brSsoORq,
ID_brYGuQVg,
ID_brfPAvPc,
ID_brnxVHEp,
ID_bslCyBow,
ID_bsorTOgr,
ID_bswjHFjY,
ID_btEimzSr,
ID_btPAapkc,
ID_btVdrHKJ,
ID_btWdPpMd,
ID_btoDELEU,
ID_buTVCaHa,
ID_bvBDgfHT,
ID_bvhaeUYx,
ID_bvzDxSlu,
ID_bweUNIro,
ID_bwzevZak,
ID_bxljlHzm,
ID_byBxdZJl,
ID_byvaJquM,
ID_bzgkIPoG,
ID_cAjRcwKy,
ID_cBlBTHxJ,
ID_cCCdvkxZ,
ID_cCHxYPLc,
ID_cCOnxPqF,
ID_cCPTxTdO,
ID_cCXKfDCY,
ID_cDFfViVN,
ID_cDoeXits,
ID_cERCMcPx,
ID_cETJpLUh,
ID_cEghCtOi,
ID_cEmkaCyF,
ID_cFkSoHZJ,
ID_cFuMwqNi,
ID_cGsSfUay,
ID_cGtYEnsR,
ID_cHVCbmSs,
ID_cHWQODtI,
ID_cIBUmIgb,
ID_cItAsawJ,
ID_cIzwzpDi,
ID_cJLasWeP,
ID_cJQdWBCf,
ID_cJshVqWZ,
ID_cKGiGxcH,
ID_cKtbpyxL,
ID_cLhSouhc,
ID_cLsciYrd,
ID_cMGRWkVz,
ID_cMLUKBAh,
ID_cMcQXZJE,
ID_cMfdNHux,
ID_cNaXPvNx,
ID_cNtXtRvc,
ID_cNysAzgD,
ID_cOTykwSI,
ID_cPLZEioW,
ID_cQBrMjsI,
ID_cRFWuBqx,
ID_cSUCHuvg,
ID_cTMbOogY,
ID_cUEIdizz,
ID_cUvUMyJn,
ID_cVPlvutr,
ID_cVgRNxuc,
ID_cVjHtwke,
ID_cVyxxCOq,
ID_cWTVpUay,
ID_cWgUgBCh,
ID_cXJhHVZB,
ID_cXLDFOwn,
ID_cXiNJRkl,
ID_cXlgsRjU,
ID_cXzzXxlM,
ID_cYPCuaSR,
ID_cYntUrfR,
ID_cZAKXKzR,
ID_cZbHuBGJ,
ID_cZwjEuyx,
ID_cadrQMOT,
ID_cahKUbGX,
ID_caiPndtO,
ID_cavKhkzz,
ID_cbQPTbkP,
ID_cbSDZAlP,
ID_ccQiFcAR,
ID_ccbdKmzv,
ID_cdYvIczi,
ID_ceyalSTC,
ID_cflGpRUw,
ID_cfrNwXbl,
ID_cgPsAjvH,
ID_cgxGiKYq,
ID_chENjwYP,
ID_cheMCdiw,
ID_chzWWgDh,
ID_ciCfdGpp,
ID_cidLetTE,
ID_cjJtlgdx,
ID_cjRClnzD,
ID_ckGSdAwo,
ID_cksGvgEo,
ID_ckyrtjXo,
ID_clDPHTtp,
ID_clWRtwSL,
ID_cleNVgPS,
ID_cllviJvA,
ID_cmOBRmKC,
ID_cmbTSaOo,
ID_cnCSkSFu,
ID_cnVIdluX,
ID_cnfWOQUD,
ID_cnveEIVl,
ID_codNUbuS,
ID_cpVCRMWl,
ID_cpuCnVdL,
ID_cqqaHGDr,
ID_crGcMwYs,
ID_crNPnahZ,
ID_crSaFluA,
ID_crUURsIJ,
ID_crdaHtZG,
ID_crgcSWgn,
ID_crlCARpP,
ID_crwTZhXj,
ID_csWOpmvS,
ID_ctEISrHS,
ID_cthwOhgV,
ID_ctpBwcGf,
ID_ctrgJMzK,
ID_cvOXzSPS,
ID_cvTaiFtA,
ID_cvcZfbKT,
ID_cvqrjSZr,
ID_cvuPWXbQ,
ID_cwFjauom,
ID_cwSItUzO,
ID_cwbsYMbY,
ID_cxDHZaZE,
ID_cxGvntuf,
ID_cybdSsxs,
ID_cyzwjMvA,
ID_cyzzhMZk,
ID_czfrreZz,
ID_dAQDWpeo,
ID_dAiRefDN,
ID_dAvDcqNi,
ID_dBGBeRiL,
ID_dBHQyHOz,
ID_dBKEjmbg,
ID_dBQXVNKo,
ID_dBgbjNLO,
ID_dBqLvecu,
ID_dCCbeIMI,
ID_dDubTeuU,
ID_dEgNyvYU,
ID_dFEDVYyI,
ID_dFQRKzYO,
ID_dFigsZGh,
ID_dHEIHJvy,
ID_dHOSKIdo,
ID_dHaZyvfM,
ID_dIHmMfyS,
ID_dIQifKmi,
ID_dIWQeZBC,
ID_dIimhgTI,
ID_dIoPFede,
ID_dJMFoXMT,
ID_dJNxbnNW,
ID_dJSvYJyA,
ID_dJayZUDo,
ID_dKCGaMmL,
ID_dKoTjKqM,
ID_dLPyxFmO,
ID_dLTsyKqP,
ID_dMAZHTSY,
ID_dMIReAPt,
ID_dMJYLmGf,
ID_dMKjbFNf,
ID_dMSGtLfP,
ID_dMSoQUDR,
ID_dMWfuuhI,
ID_dMhOrfDJ,
ID_dMmfXRzL,
ID_dMpbGFHL,
ID_dMuxZeEP,
ID_dOAATslX,
ID_dOADdYfB,
ID_dORMokgZ,
ID_dOSLapJD,
ID_dOTBsdJO,
ID_dOYbVjqV,
ID_dOsNndHa,
ID_dPpbVYwL,
ID_dQMDnmcO,
ID_dQafppZR,
ID_dRQSjHWW,
ID_dRRbZFRR,
ID_dRXKhqXW,
ID_dRpUQRxr,
ID_dSHRNSJg,
ID_dSgqUVgd,
ID_dTGHFQoh,
ID_dTHJoMkm,
ID_dTVSVkAv,
ID_dTVWvBSq,
ID_dTwwtoML,
ID_dUWrrsIs,
ID_dUXPtruC,
ID_dUbJHYWA,
ID_dUdRirQY,
ID_dUzWSKnH,
ID_dVKdOcew,
ID_dVQuXiUP,
ID_dVRKRJKu,
ID_dVbuWkTg,
ID_dVutSVTJ,
ID_dWSjgVgv,
ID_dWXmWheA,
ID_dXciryuM,
ID_dXdkHAQK,
ID_dXlPANZJ,
ID_dXoFWcfM,
ID_dYVjtMZi,
ID_dZCdtQWo,
ID_dZeMXovE,
ID_dZewKAUu,
ID_dZzsuAzy,
ID_dazaUGxW,
ID_dbpgusTL,
ID_dcGXtHtx,
ID_dcXXkDZn,
ID_ddHKiFoL,
ID_ddNxmXlF,
ID_ddiutnAj,
ID_ddtBJEsx,
ID_ddwDfpzR,
ID_deAQfzuI,
ID_deJpyxYu,
ID_dfMGnNug,
ID_dfzImDBV,
ID_dgLspgMF,
ID_dgOQbdir,
ID_dggFplFt,
ID_dgpFxAGD,
ID_dgsdWmyv,
ID_dhMHxave,
ID_dhPDtztK,
ID_diQUdNPo,
ID_dinkxlqW,
ID_diwFQpnh,
ID_djyCTwKK,
ID_djzXWoQR,
ID_dkfGmapv,
ID_dkjipUrE,
ID_dlMZuUtM,
ID_dlMlTkjY,
ID_dmJEXgGV,
ID_dmtuHlmL,
ID_dniyXfFA,
ID_doAfkIss,
ID_doQcKkuR,
ID_doTuchjh,
ID_dokdCMYs,
ID_dolKIOhq,
ID_doxusPeM,
ID_dozfdTsH,
ID_dpdIXpgC,
ID_dqBJCPZj,
ID_dqUKtBGA,
ID_dqadeyMc,
ID_dqiZvubt,
ID_drFtdCKq,
ID_drMLseLl,
ID_drbmAkeC,
ID_drhPWbjI,
ID_drtYkQsC,
ID_drxXHYIZ,
ID_drytzTax,
ID_dsEsmZmm,
ID_dsWplxKE,
ID_dsdQeyEf,
ID_dseHFWsw,
ID_dsjWzICb,
ID_dtDsTxgX,
ID_duEKUQEC,
ID_duMvRhhQ,
ID_duNINHUr,
ID_duNKUpqI,
ID_dufXwgYM,
ID_dvnPzIWs,
ID_dwaHmHWD,
ID_dwuboPNG,
ID_dxKgVmkW,
ID_dxTrvoUV,
ID_dxXdzBUk,
ID_dxcjGTPZ,
ID_dxkuIsII,
ID_dyLSBSDa,
ID_dyStkrwx,
ID_dyuZzYZX,
ID_dyxvlVxn,
ID_dzbgMdhO,
ID_eAfATKmg,
ID_eAgRkDao,
ID_eBDUTuke,
ID_eCDQHHDD,
ID_eCWMhNAe,
ID_eDJwHJix,
ID_eDVHQxGO,
ID_eDlXLSpq,
ID_eEWVLqQP,
ID_eEqDqUov,
ID_eFsLqgzq,
ID_eGUECWjo,
ID_eHCoxCpE,
ID_eHFdikty,
ID_eHuGKVKI,
ID_eIAmQYdh,
ID_eIOFSWKJ,
ID_eJCtMXrz,
ID_eJjMqAmz,
ID_eKCxUKgh,
ID_eKbvuLGC,
ID_eKxFAjnw,
ID_eLJSEcuc,
ID_eLSYeWpg,
ID_eLXcSCGo,
ID_eLtgpCDN,
ID_eLxtDhiJ,
ID_eMTQwels,
ID_eMnVyWqo,
ID_eNClAUeZ,
ID_eOPlIztb,
ID_eOksCFri,
ID_eOzjHDqZ,
ID_ePDmcbvx,
ID_ePYNCGKO,
ID_ePawwlRg,
ID_ePlFNppj,
ID_eQFJuWSi,
ID_eQKOuHEp,
ID_eQYEeypb,
ID_eQjELLEP,
ID_eQlIkAwZ,
ID_eQricnWe,
ID_eQzSWHBC,
ID_eRROLffI,
ID_eRbUAMnn,
ID_eRikTaAH,
ID_eRnIgVkQ,
ID_eRpEcLDo,
ID_eSwgKVUp,
ID_eTHipyPM,
ID_eTfXkOWS,
ID_eTvNnxgx,
ID_eTwejgZT,
ID_eUGYEaNU,
ID_eUPGVUXZ,
ID_eUiCUTtS,
ID_eVqEecEK,
ID_eWIFstEY,
ID_eWMteAbG,
ID_eWQLolRZ,
ID_eXgRbINy,
ID_eYZNHfHS,
ID_eYmGGnuT,
ID_eZZDPQXL,
ID_eZfYGnUu,
ID_eZjgssZN,
ID_eZwLlZSV,
ID_eadjflxo,
ID_eagPXkeh,
ID_eakTSXoE,
ID_ebHFiAab,
ID_ebPQmVYt,
ID_ebvKEadd,
ID_ecwUdfMd,
ID_eepFMOSN,
ID_efPUOgAM,
ID_efgMghmg,
ID_efkqEbup,
ID_ehlxOMAn,
ID_ehoGMOGg,
ID_eiXjNBQh,
ID_ejAlDpml,
ID_ejIdICRS,
ID_ekTZQlJR,
ID_ekpaiZvD,
ID_ekqumQmZ,
ID_elbMiHSe,
ID_elhjzDNO,
ID_emTjDqiu,
ID_empkEAdo,
ID_emqjrCfI,
ID_enYlNbNM,
ID_enZblrBc,
ID_enbAfANO,
ID_enmjzxQd,
ID_eoGXVgPx,
ID_eoeSJQYa,
ID_eofAXKNm,
ID_eopRKfYX,
ID_eotBAQGX,
ID_eqGPDxHv,
ID_eqnvNbwq,
ID_eqqWRMeE,
ID_eqqaotiq,
ID_eqrHiioe,
ID_eqvGfhQA,
ID_erHNBRFy,
ID_erYCsccR,
ID_erfYPoeg,
ID_esRClook,
ID_etRNlNEZ,
ID_etctMUSd,
ID_evbnQjaz,
ID_evmxoGNu,
ID_ewwkAlxA,
ID_exIplqJS,
ID_exiaTtsQ,
ID_eyWGNAEZ,
ID_ezLFFCZy,
ID_fAfxzDlW,
ID_fAgCdRbH,
ID_fBIFPmYn,
ID_fBYLlhMG,
ID_fBdWghXn,
ID_fCOsYgbp,
ID_fCXMhpwe,
ID_fCdEthGa,
ID_fCeFaQmS,
ID_fDIQTfeN,
ID_fDLGVZGj,
ID_fDSXOwkN,
ID_fDmHBXPj,
ID_fFXZQYHQ,
ID_fFZWOqbU,
ID_fFlUoaVr,
ID_fGGSNgOc,
ID_fGQImxOH,
ID_fHRhYyFH,
ID_fHSzVDTf,
ID_fHVJWgVg,
ID_fIAfNkbS,
ID_fIKfmpJU,
ID_fIwSfwRk,
ID_fJOrLFhZ,
ID_fJVNDJKr,
ID_fJrXidsr,
ID_fJuzZjsj,
ID_fKFLZLAd,
ID_fKQzPcZn,
ID_fKYSOauV,
ID_fKkolLOD,
ID_fKxMnGTR,
ID_fLwpYiwI,
ID_fMJyxmHh,
ID_fMNztCkX,
ID_fMZLFacS,
ID_fNmBLQkE,
ID_fNwSlNEj,
ID_fOwSjolD,
ID_fPEowvbR,
ID_fPHhqayy,
ID_fPsiazMP,
ID_fPtbtMUS,
ID_fQGbTgFe,
ID_fQSNStIO,
ID_fQTNeBqa,
ID_fQrxPXqB,
ID_fReFalJs,
ID_fRjkvYgQ,
ID_fRvVBEBl,
ID_fSAYVJWt,
ID_fSWwRcvb,
ID_fTFRZgaX,
ID_fTeaPOKT,
ID_fTwiRwjT,
ID_fUAGpchv,
ID_fUHGmlej,
ID_fUXmDdVK,
ID_fUxqmFjp,
ID_fVAWrwev,
ID_fVFFZhyZ,
ID_fVsfEAhG,
ID_fWMwmItL,
ID_fWUewCyp,
ID_fXKczQWh,
ID_fYJnUyXC,
ID_fYiyDiwI,
ID_fZDmZASM,
ID_fZGymXox,
ID_fZMGntJf,
ID_fZQRypGP,
ID_faBlLICt,
ID_faRCbMfA,
ID_faXQodNy,
ID_fbFDYdPY,
ID_fbGoHaMY,
ID_fbntNzAD,
ID_fbqzorfd,
ID_fcAxgJXl,
ID_fcHRQukg,
ID_fcHTjSeW,
ID_fdGzJRmG,
ID_fdQHcTHy,
ID_fdzBhfCy,
ID_feCyecyB,
ID_feSMWCmw,
ID_feYgkEjF,
ID_ffDlTBPx,
ID_ffhMIhUh,
ID_ffpbtyTW,
ID_fftKKZSV,
ID_fhqhjLmG,
ID_fhxWkDWE,
ID_fiMzDrCA,
ID_fiwyxmHa,
ID_fjUaLClY,
ID_fjVcjBtr,
ID_fjgTDnOq,
ID_fjnXIuet,
ID_fjyoLyCk,
ID_fkEeaqIM,
ID_fkSUzrfI,
ID_fkcynEFp,
ID_flMsYCJu,
ID_fnZekpnb,
ID_fnlvscDb,
ID_fodfIXkf,
ID_fotXYaYZ,
ID_fqCgOvUz,
ID_frVvSqEw,
ID_frXLLlgj,
ID_frpHkJNi,
ID_frvbcIOa,
ID_fsLmsMeG,
ID_fsZuBoLu,
ID_ftDjccuB,
ID_fttHmtHa,
ID_ftuaFRpr,
ID_ftzcNnhd,
ID_fuVgRlLS,
ID_fvABssdy,
ID_fvFaABnL,
ID_fvTVlPaW,
ID_fvVLSOok,
ID_fwvEYJRF,
ID_fxIARMUc,
ID_fxWBekgT,
ID_fxnxxQut,
ID_fxumuKsS,
ID_fxzHldfK,
ID_fyFtjYbv,
ID_fyjmNOCT,
ID_fyoCvzPp,
ID_gAEEfavz,
ID_gAabUxVk,
ID_gBewmLDH,
ID_gBosuNjh,
ID_gBqIhsiU,
ID_gCNRNEqh,
ID_gDAAnXeE,
ID_gEBNngsD,
ID_gELLzIWO,
ID_gExXUwIo,
ID_gFPmZnqs,
ID_gFXbwYLO,
ID_gGCCSspk,
ID_gGEFQlgY,
ID_gGbbgTKx,
ID_gGfcoPJg,
ID_gGsRSbih,
ID_gHUXSYEq,
ID_gIinQAWR,
ID_gIjpZNFO,
ID_gJmMXmxm,
ID_gKECBdkk,
ID_gLQWABne,
ID_gMSpzksa,
ID_gMgSaKQA,
ID_gMpyXKJu,
ID_gMqKmkHJ,
ID_gMwLPorO,
ID_gNFcSKsi,
ID_gNXnSBwh,
ID_gNjSBqTn,
ID_gNqdnNsB,
ID_gNvSnpSI,
ID_gOZCQEBt,
ID_gPeHGGtK,
ID_gQAEOIsD,
ID_gQFMydUa,
ID_gQQzJVMr,
ID_gQutewtF,
ID_gRCztOxj,
ID_gRRWeEBQ,
ID_gRfUZzwj,
ID_gSZXhFcf,
ID_gTESuicn,
ID_gTeYMdvh,
ID_gTuOVhBs,
ID_gUCLvjYp,
ID_gUPNjfuz,
ID_gVDbMyZT,
ID_gVNABejw,
ID_gVcvCkKt,
ID_gVtrSYAB,
ID_gWFTZlMa,
ID_gWOZDhtJ,
ID_gWSVuKie,
ID_gWWlZhAD,
ID_gWwDnJuG,
ID_gWwobhkz,
ID_gWzMVfwr,
ID_gXJzqpdv,
ID_gXrZmRcQ,
ID_gYDetNnu,
ID_gZBMGRWP,
ID_gZYcaMhz,
ID_gZasKEyy,
ID_gZlYNHwe,
ID_gbJHEbsQ,
ID_gbkKevgv,
ID_gbmqXPOb,
ID_gcYugIBU,
ID_gdBSCQzj,
ID_gdUoFzus,
ID_gdgozBek,
ID_geCRlkaI,
ID_geZZNXLP,
ID_geZzucjH,
ID_gejXvwaO,
ID_gelkTRRh,
ID_gfEYPGQe,
ID_gfQKuQYF,
ID_gfWPRRRt,
ID_gfeYtptr,
ID_ggFDYLEW,
ID_ggGgipMY,
ID_ggKvvQez,
ID_ghDpPYQt,
ID_gjDNURqN,
ID_gjkoVeaq,
ID_gkHPYQlE,
ID_gkMLiLqq,
ID_gkhVSKnw,
ID_gkvwTttS,
ID_gkxvresR,
ID_glLjlVIl,
ID_glMkjzDY,
ID_glcZubyg,
ID_glcdtMUa,
ID_gltcBfTd,
ID_gmGHOzgp,
ID_gmKRXGLS,
ID_gmYbiYMs,
ID_gnfXIUji,
ID_gnjxeXTf,
ID_gnpeyvlg,
ID_gnszdAOx,
ID_goRLVpLq,
ID_gofMILdk,
ID_goiOoErq,
ID_gomlsrmE,
ID_goqpocke,
ID_gpkIwUQa,
ID_gqHHvWZo,
ID_gqSBRTmW,
ID_gqVFoEgW,
ID_gqeIydON,
ID_grGWDoGp,
ID_grkNRaon,
ID_gsCkuKHO,
ID_gsKintut,
ID_gsgdrZZN,
ID_gtIRWeGV,
ID_gtQNDezW,
ID_gtXnjDti,
ID_gtmAGUmQ,
ID_gtzjIBRJ,
ID_guBKdgeG,
ID_gveHrRHH,
ID_gvetTwES,
ID_gvjGVlnu,
ID_gvmSYwbV,
ID_gvrGlSee,
ID_gwwIIYaF,
ID_gxPIVKUr,
ID_gyJMYySp,
ID_gyWFopfb,
ID_gymQjDYm,
ID_gyvWaiMt,
ID_gzqWaRcF,
ID_gzqahsAJ,
ID_hAFtEqaO,
ID_hARhwgPj,
ID_hAfDpKJA,
ID_hAkWGGfA,
ID_hBRRwPaO,
ID_hCgigYMo,
ID_hDJNliUB,
ID_hDYGVsYy,
ID_hDeqhOBF,
ID_hECPrXPB,
ID_hEFHAsdL,
ID_hEnmJpod,
ID_hFIlObgU,
ID_hFUuTgTW,
ID_hGDIepGC,
ID_hGNODTCk,
ID_hGtnrWLk,
ID_hHCCQFoY,
ID_hHrIabnH,
ID_hIBjzRUh,
ID_hIQvCAGV,
ID_hIjVMIgW,
ID_hIurKQDk,
ID_hKfwPRhi,
ID_hLNEFxrb,
ID_hMDukasm,
ID_hMuLJHcV,
ID_hMzvOnwZ,
ID_hNRgcAoH,
ID_hNZvXEtp,
ID_hNvuCgeh,
ID_hOININoj,
ID_hOwElVHW,
ID_hPAFfMgf,
ID_hPGAvNMG,
ID_hPTOKkYB,
ID_hRLbHEXB,
ID_hRZIuXye,
ID_hRoRinpm,
ID_hSrjAldB,
ID_hSviiSuW,
ID_hTKzkoPi,
ID_hUDoLQru,
ID_hUemsofQ,
ID_hUqfkDML,
ID_hUzezPAJ,
ID_hVEyMoVJ,
ID_hVQjXSmN,
ID_hVTBkOqU,
ID_hVaiUjRo,
ID_hVfsCIzs,
ID_hWMezXtE,
ID_hWymUjuw,
ID_hXevRHFN,
ID_hXySJruM,
ID_hYZuyiCe,
ID_haJWaNnW,
ID_haZLUyAc,
ID_havZWzRw,
ID_hbPRokuF,
ID_hbcEnbkJ,
ID_hbpOFNvb,
ID_hbuiqdRd,
ID_hcOweoXe,
ID_hcSdyNGl,
ID_hcdngiQP,
ID_hdIiZGek,
ID_hdqaPZLr,
ID_hdrFoxuz,
ID_hfQUTLHI,
ID_hgBdeocm,
ID_hgGwKJKP,
ID_hhXCyqNQ,
ID_hiNeznCP,
ID_hinOzwNh,
ID_hjExbLSS,
ID_hjeUeUAH,
ID_hjgwrBgn,
ID_hkQIlgdy,
ID_hkWfjjtK,
ID_hkfMlTnv,
ID_hkrPtjxv,
ID_hkuXiWOV,
ID_hlaxQpFR,
ID_hlkVLLSH,
ID_hmAGlAbE,
ID_hmGRdOJu,
ID_hmcFCfOx,
ID_hnOnBCWr,
ID_hnZdJXmq,
ID_hoECkwNU,
ID_hoVArTRY,
ID_hoXgTssL,
ID_hookqUzW,
ID_hpbgdyTf,
ID_hqHUsaCW,
ID_hqhIoBMl,
ID_hqtAhEfa,
ID_hrDyhQZx,
ID_hrOBWqzi,
ID_hrOfWKdT,
ID_hrXsSUiO,
ID_hriyrqSg,
ID_hsKciaxl,
ID_hsNtOZtO,
ID_hsSsPIkP,
ID_hsecuATi,
ID_hsiIJwMU,
ID_htPsOYJq,
ID_htpokViQ,
ID_huCmxRWD,
ID_huEycvID,
ID_huJmEwEL,
ID_huYGnMzp,
ID_huiYRVbe,
ID_hvREoesa,
ID_hvcxIMHK,
ID_hvgYAoLD,
ID_hvzajzXx,
ID_hwhOcjEP,
ID_hwkzsPyP,
ID_hxSNFRaZ,
ID_hxXjQBuR,
ID_hywtfapJ,
ID_hzlnHaAG,
ID_hzqqRkwr,
ID_hzrTDdsG,
ID_iAMWAxTU,
ID_iAPzGfsJ,
ID_iAapnzSo,
ID_iCiqkxOC,
ID_iDFNGaLq,
ID_iDMgWBfg,
ID_iERXVUcU,
ID_iEeoxXJO,
ID_iFIfJQiV,
ID_iFaTrJGb,
ID_iFiWbrQH,
ID_iGMUremu,
ID_iGxJcGfs,
ID_iHhrzVoj,
ID_iIcmFRbn,
ID_iIgUvTeC,
ID_iIwzqLAX,
ID_iJjUYckz,
ID_iJuYeCfq,
ID_iKNvFByh,
ID_iKsZoAkh,
ID_iLmhzCra,
ID_iMBiIdCE,
ID_iMLwXjtZ,
ID_iNUGqmNQ,
ID_iNXpCbdE,
ID_iNYBfhZv,
ID_iNhGIbKu,
ID_iNrrxlfa,
ID_iNtNXNdg,
ID_iPGluDRJ,
ID_iPPHIvxq,
ID_iPsduaSB,
ID_iQBgPAkd,
ID_iQITjWkU,
ID_iQVoKoIC,
ID_iRsNyTxd,
ID_iRxKLEdG,
ID_iRzHSHPs,
ID_iSJqRnQN,
ID_iSPvMkzr,
ID_iSWNVmnT,
ID_iTFDbHmy,
ID_iTRbVQQq,
ID_iTggQkkl,
ID_iTrtvDae,
ID_iUCRKxia,
ID_iUgwzyUZ,
ID_iUtfmKkd,
ID_iVJbbHHg,
ID_iVaQjgSm,
ID_iWgooabU,
ID_iXdiglvC,
ID_iXjKUrQM,
ID_iYOfOpne,
ID_iYeUWMSr,
ID_iYnxmVqn,
ID_iYqZKyWZ,
ID_iZBEIDPa,
ID_iZKIVoZz,
ID_iZeOetff,
ID_iZnmPmWB,
ID_iZwhGaZs,
ID_ianSyioS,
ID_ibAJEmAz,
ID_ibnCGyST,
ID_icMrGJqW,
ID_icQEmUxM,
ID_ieXNzDQy,
ID_iefSaPed,
ID_iencivmR,
ID_ifNoTKlE,
ID_igXcVpIi,
ID_igcIbmzl,
ID_igeSnIDw,
ID_igxKdIxv,
ID_igyFOXTH,
ID_ihRDGjwT,
ID_ihjeptof,
ID_ihjrLdRT,
ID_ihyKlNop,
ID_iiGNeqOh,
ID_iiKcUuYy,
ID_iiySYZJF,
ID_ijhFicSB,
ID_iktFnmgN,
ID_ilJwZGsu,
ID_ilYvwGqZ,
ID_inXpSAhl,
ID_infZGVPE,
ID_intzBSxr,
ID_ioQrPdZG,
ID_ioXLplaj,
ID_iokmFamF,
ID_iotypTqV,
ID_ipZsdGkD,
ID_ippnOJlJ,
ID_irZMhyBS,
ID_isDcXjtn,
ID_isPlarFq,
ID_ishsjqfJ,
ID_islVRHvS,
ID_isqTyFVa,
ID_isroQukh,
ID_itafFMvw,
ID_ithQsIjz,
ID_itijQxaK,
ID_iuZbZTwW,
ID_iugQEcuv,
ID_iusNVPwV,
ID_iuxIwBkK,
ID_iuyEvjsx,
ID_iwOGkzCv,
ID_iwSdREam,
ID_iwhKgGhX,
ID_iwsURfRZ,
ID_izoBDmyj,
ID_izsgMafP,
ID_jAJNwYNJ,
ID_jARAHSMC,
ID_jAjAfikY,
ID_jBHsNoUP,
ID_jBwclShL,
ID_jClAooaC,
ID_jCsdWaAI,
ID_jCxQpgZV,
ID_jETujZLm,
ID_jEmHgopt,
ID_jEvMstXa,
ID_jGDjsCKX,
ID_jGMmNewe,
ID_jGXYGtkv,
ID_jHGiLMtp,
ID_jICmjdbW,
ID_jJHDbMGv,
ID_jJQsEFCv,
ID_jJfqFgnt,
ID_jJrjWzDv,
ID_jKEQDPjx,
ID_jKIbWQur,
ID_jKajfBmB,
ID_jKbogxNJ,
ID_jKiXZGiE,
ID_jLxxfrBp,
ID_jMbyASrf,
ID_jMiatquV,
ID_jNoRVJGo,
ID_jNvzmfYj,
ID_jPeXRbHw,
ID_jPkLFWae,
ID_jPoJGsMr,
ID_jRGErqjn,
ID_jSDpdtex,
ID_jSUBcxDk,
ID_jSomXDjP,
ID_jTnoEWNF,
ID_jUNsocDv,
ID_jUpHKPeN,
ID_jVlGHtHn,
ID_jWCYOpvz,
ID_jWGnZDkn,
ID_jWSfHYSP,
ID_jWaRdcrc,
ID_jWdWjQXD,
ID_jWfPlKSZ,
ID_jWwSghxE,
ID_jXAoyoEY,
ID_jXmoRxrO,
ID_jXnKOwhK,
ID_jXwpquuD,
ID_jYBSeSkQ,
ID_jYIpeveV,
ID_jYNZagVX,
ID_jYUxsYHI,
ID_jYbnUdaC,
ID_jZARTkIX,
ID_jZDkZMip,
ID_jaMpBZBz,
ID_jbRIAGHy,
ID_jbRmmxAZ,
ID_jbYSNqez,
ID_jbktjiJg,
ID_jbrzAmxQ,
ID_jbvWPgHp,
ID_jcbJdPVN,
ID_jdINKnGW,
ID_jdKiDliz,
ID_jdewrVbc,
ID_jeWEQKlD,
ID_jghyHfHU,
ID_jglySGNu,
ID_jicdQpUn,
ID_jihulxlj,
ID_jijhlerT,
ID_jjLMZEdG,
ID_jjQiPBoe,
ID_jjXAkqzE,
ID_jkLsSVwu,
ID_jkWbfXgt,
ID_jknkPdiL,
ID_jmafukio,
ID_jmkjdone,
ID_jmlSrvZM,
ID_jnZLjvwO,
ID_jncUuKfC,
ID_jndzjSNA,
ID_joKNGarr,
ID_joLHgnnp,
ID_joLhaBxF,
ID_jpMmhBSO,
ID_jpYVjjpC,
ID_jpkiBlXC,
ID_jpnkHmMp,
ID_jqcWXVQm,
ID_jrBiJISV,
ID_jrPombCe,
ID_jrTrqkXs,
ID_jrqJGIdg,
ID_jsbtEHtb,
ID_jsehLwfx,
ID_jsyRWZLx,
ID_jszhOcNb,
ID_jtVlhFvp,
ID_jttsZXya,
ID_juPCXqEp,
ID_jubThhle,
ID_jvmalnEu,
ID_jvrnMOpS,
ID_jwGukzrX,
ID_jwHeGTkZ,
ID_jwIFTnrD,
ID_jwcOzQSp,
ID_jxHjNGqm,
ID_jxXPTYjH,
ID_jyaKUqnA,
ID_jyiGdfDM,
ID_jzWcQjaw,
ID_kANddDpk,
ID_kAOnTNld,
ID_kATvCRBY,
ID_kAiqvGtY,
ID_kArDOhuo,
ID_kBhmdOTW,
ID_kBrGpRIn,
ID_kBzWVckE,
ID_kCBKljvK,
ID_kCWNbffT,
ID_kCeyWxgH,
ID_kCrQuobv,
ID_kDefMYSu,
ID_kEUCjYhu,
ID_kFHGJRDa,
ID_kGEgIkxS,
ID_kGWOMhwo,
ID_kHwOtVrC,
ID_kIKWmXjR,
ID_kIZjODsT,
ID_kJizhWAW,
ID_kJzPCulF,
ID_kJzrCRUb,
ID_kKViPIFJ,
ID_kKYcaPKh,
ID_kKopLocB,
ID_kKtmnLyz,
ID_kKuZFwfJ,
ID_kLSbOtmV,
ID_kLXRBDfk,
ID_kLknEAwh,
ID_kMEOGFLc,
ID_kNBimFvS,
ID_kNPpuFqZ,
ID_kNskPcaU,
ID_kNxqCAtP,
ID_kOVOcLnW,
ID_kPDXrdVz,
ID_kPUKarCD,
ID_kPZGnsAo,
ID_kPoUGbni,
ID_kPtEvsBp,
ID_kQFVsDyI,
ID_kQmYskmV,
ID_kRGNIACY,
ID_kRWgvibl,
ID_kRdQeAoz,
ID_kRmxQQPg,
ID_kRnutECX,
ID_kSltesTJ,
ID_kSpxczih,
ID_kTCKWMzN,
ID_kTgiNQqa,
ID_kTnGtDxk,
ID_kTqvGBwN,
ID_kTtzslVS,
ID_kUCemorw,
ID_kUHAjDab,
ID_kUzfqKwl,
ID_kVRXRjBJ,
ID_kVWmrZUH,
ID_kXClaOop,
ID_kXGKPunR,
ID_kXLuKmvz,
ID_kXbNPLfk,
ID_kYDhnCjg,
ID_kYQiehDH,
ID_kYRJWLwP,
ID_kYkJTftf,
ID_kYlvANiJ,
ID_kYqfAgmK,
ID_kZXbhPnz,
ID_kaHXVLkE,
ID_kaTmbuUP,
ID_katFufIZ,
ID_kateHzxm,
ID_kbATwkre,
ID_kcQnwhLW,
ID_kcReqrmV,
ID_kcRnQtaH,
ID_kcjRunEG,
ID_kcwDVZLR,
ID_kdBHbmHr,
ID_kdDOizOg,
ID_kegkSJRp,
ID_kfCMngWw,
ID_kfZOSwYy,
ID_kfZiDyMZ,
ID_kgIdyYll,
ID_kgKedIJe,
ID_kgPEWljq,
ID_khKoJGBc,
ID_kiEdFMHF,
ID_kiugykKl,
ID_kjGutTiV,
ID_kjXALrQg,
ID_kkMBnIFr,
ID_klCIWCaB,
ID_klZNETYq,
ID_klfCPLZb,
ID_klpLPsdd,
ID_klrCmQpb,
ID_kltaOUKy,
ID_kmZAFTgT,
ID_kmyiJNVq,
ID_knJJrMRG,
ID_knTnPamf,
ID_knXTHwRm,
ID_koQUOdOu,
ID_koxfMSIw,
ID_kpSTGZgY,
ID_kpYvqHmT,
ID_kpeNMQRD,
ID_kppbfZTK,
ID_krbiyjNY,
ID_krmQECpi,
ID_ksUncCiX,
ID_ksiQxzfH,
ID_ksqJSQTW,
ID_ktGQjgiG,
ID_ktOsDzfZ,
ID_ktXSBYTE,
ID_ktZphDGo,
ID_ktdvLcLa,
ID_ktvCIPHl,
ID_kuBUlfxX,
ID_kubUcmTJ,
ID_kukdlpNA,
ID_kulMTzqr,
ID_kuqJrKEg,
ID_kuzJBQEo,
ID_kvXkiQcj,
ID_kvgfjuUZ,
ID_kvrHXKzT,
ID_kwkthxFW,
ID_kxJOZIbg,
ID_kxSRdEoz,
ID_kxdJUCoN,
ID_kxfUFiIV,
ID_kyvpihdM,
ID_kzjyIiMI,
ID_lAEjXllK,
ID_lBOoMndz,
ID_lBcchFVe,
ID_lBibpGUK,
ID_lBlxIwDN,
ID_lBpIRWkq,
ID_lCAaVoBL,
ID_lDVmnsGC,
ID_lDhmQvYC,
ID_lDmXnUnD,
ID_lEFaahvT,
ID_lEJRtGQe,
ID_lEwcejEm,
ID_lFHdejsI,
ID_lFIYKOGv,
ID_lFsGSghJ,
ID_lFvcpzzP,
ID_lGWbEaMw,
ID_lGgJjoZB,
ID_lGobNPOg,
ID_lHCZdTxR,
ID_lHSrfraH,
ID_lHieIYjO,
ID_lHkkXGIT,
ID_lIBSXtZm,
ID_lJLiWHug,
ID_lJVfVwWq,
ID_lJXUHiax,
ID_lJmHVlXB,
ID_lKPlfvCd,
ID_lKURJdWx,
ID_lKXxEsoG,
ID_lKkSuobG,
ID_lLcrVbrE,
ID_lMjQRitQ,
ID_lNEgDSLZ,
ID_lNkyWuYg,
ID_lNkyhsog,
ID_lNtVMjIq,
ID_lOCJMSWH,
ID_lOCkpyrh,
ID_lOdHKaTt,
ID_lPWTYUeA,
ID_lPYJzzbl,
ID_lQLfFFmh,
ID_lQsDmraS,
ID_lRIlbwOW,
ID_lRMlZKbx,
ID_lRNMlUkk,
ID_lRPVPNUH,
ID_lRZYChsS,
ID_lReBvVTU,
ID_lRhxxAAs,
ID_lSkiSIQq,
ID_lSutdVLq,
ID_lTCkuRWW,
ID_lTnwidii,
ID_lTrNBzgh,
ID_lUhjzhZM,
ID_lUkYErnr,
ID_lVhFtvBN,
ID_lVoHOppm,
ID_lXOHmMnn,
ID_lXSNYLSt,
ID_lXpDXjhw,
ID_lXxdVzKT,
ID_lXyYjTXP,
ID_lYLtUVcs,
ID_labFhmWc,
ID_lauTdsuW,
ID_lbBNEEeH,
ID_lbaMWYwV,
ID_lbytfxhk,
ID_lcGzVWrh,
ID_lcxFuehZ,
ID_ldBjSmCz,
ID_ldUfyTZb,
ID_leQiTcNa,
ID_lfHxzHQs,
ID_lfKcoxbF,
ID_lfKmORBh,
ID_lfNoSRlj,
ID_lfoeDgAC,
ID_lgDmFNHm,
ID_lhWBTifE,
ID_lhanuIgI,
ID_lhwExKjm,
ID_liBxubSw,
ID_liCfmxDJ,
ID_liMvWLdG,
ID_liyVHeJB,
ID_ljkfdRkC,
ID_lkHzkQvm,
ID_llHJKYWE,
ID_llIQwMmv,
ID_llNvVAJB,
ID_llYeUxOr,
ID_llkWLqsv,
ID_llkigxSL,
ID_llqhqXee,
ID_lmLSuZge,
ID_lmVxNZtr,
ID_lnMPIrAh,
ID_lnqsNDJc,
ID_lpOwLBUj,
ID_lpTXbqrM,
ID_lpvNZPiU,
ID_lqBZICuI,
ID_lqRpJqWT,
ID_lqmhByxG,
ID_lrTwsAXf,
ID_lrhxVbcb,
ID_lrzJbXwm,
ID_ltQnJxZV,
ID_luGReCPE,
ID_luYNzIdQ,
ID_luxQAbhE,
ID_lvDnWVZN,
ID_lvHInngx,
ID_lvJzxIOz,
ID_lvTFTXmQ,
ID_lvbIpmFF,
ID_lvpOlnfg,
ID_lwmdavxg,
ID_lwsJJHiM,
ID_lwuNPcRc,
ID_lxIVTdhI,
ID_lxJqayQz,
ID_lxYqZoBe,
ID_lyIXjjUc,
ID_lyVukxoV,
ID_lylfGblz,
ID_mAHbRhOh,
ID_mAJBEMNx,
ID_mAWtbmrL,
ID_mBPiyGMX,
ID_mBdJiKfi,
ID_mBkQiCTv,
ID_mBkmBXgV,
ID_mBtzEjTw,
ID_mCEIYiLA,
ID_mCXXvGuu,
ID_mCboPnUn,
ID_mCwMdVwV,
ID_mDLAcWHl,
ID_mDMsWrAQ,
ID_mEDQwqin,
ID_mEVqFgsi,
ID_mFDhqrhA,
ID_mFEyKUka,
ID_mFUyxcox,
ID_mGzkpWBy,
ID_mHbasBOP,
ID_mIcWFZih,
ID_mIrphNLt,
ID_mIxYgakX,
ID_mKTXmffq,
ID_mLFdmqCC,
ID_mLNPNfyl,
ID_mLWOtVen,
ID_mMJoPWbh,
ID_mMZVwHmO,
ID_mNirfnsW,
ID_mNxmPlRi,
ID_mOHWqtla,
ID_mOHtXFfg,
ID_mOdKBMFJ,
ID_mOkqbfgV,
ID_mPhboYPL,
ID_mPnHAwXB,
ID_mQekkmHm,
ID_mRpiAuDL,
ID_mSPcXjnt,
ID_mSpLPrRA,
ID_mTEQqrQt,
ID_mTXIbmUJ,
ID_mUbhiJwY,
ID_mVERgiPZ,
ID_mVYvRvOl,
ID_mVvkZyvt,
ID_mWLYOrQk,
ID_mWovCZTO,
ID_mXNBRbUv,
ID_mXduVNRp,
ID_mXhmWPEP,
ID_mYAUPZYJ,
ID_mYNtvmNl,
ID_mYlLozAf,
ID_mYzKfXYx,
ID_mZLuBvDX,
ID_mZplEmBN,
ID_maFgEzfV,
ID_maMvttbU,
ID_maUpOaFg,
ID_maeYNCUN,
ID_mawAfkbU,
ID_mbJDYwhP,
ID_mbUTCOqh,
ID_mcKfkncH,
ID_mcNtuibp,
ID_mcVDNktW,
ID_mcirPjcN,
ID_mdJlGsoP,
ID_mdiIDfJh,
ID_mdvhKUSb,
ID_meKtGoJD,
ID_meQTzPhN,
ID_mehsdqtD,
ID_meonKgKv,
ID_mfCgcprd,
ID_mfEpDYJg,
ID_mfeeKJqt,
ID_mflsStLp,
ID_mfnCqTUI,
ID_mgEoqAsY,
ID_mgEpowPJ,
ID_mgxyYPKA,
ID_mhOwzdTS,
ID_mhbWDHnP,
ID_mhistQfv,
ID_mhqGaINE,
ID_miDHXakI,
ID_miRyZyuQ,
ID_miipCkGk,
ID_mijKkEqS,
ID_mikPjknq,
ID_mipeMTUV,
ID_mjVxwAhe,
ID_mkGYsHyB,
ID_mkKlrnGX,
ID_mkQxSHHy,
ID_mkTGDWPd,
ID_mkqFGGim,
ID_mkwueCGj,
ID_mmfKkSBN,
ID_mnomYXgc,
ID_moOpkqlE,
ID_moQLRXmR,
ID_mpOlhoYm,
ID_mphLdPYv,
ID_mqLiVldE,
ID_mqMKKlfR,
ID_mqMfwSuz,
ID_mqfyGgRl,
ID_mqsjNWSe,
ID_mqtKoyXg,
ID_mrgWxhDJ,
ID_mrgiveNT,
ID_mrhJgagp,
ID_mrjfYGvt,
ID_msIqmMAu,
ID_msNzRgCY,
ID_msYfuCva,
ID_msqzZkjp,
ID_mtDVBjHZ,
ID_muBzSSve,
ID_muYMCNUL,
ID_muaLQCwY,
ID_muccxhcB,
ID_muztkKPk,
ID_mwNTGytq,
ID_mwVRXJmL,
ID_mweYjFEa,
ID_mwtzNaaq,
ID_mxZlFffu,
ID_mxbDdcLk,
ID_myUSwiAA,
ID_mzQlkUwl,
ID_mzRNCmZG,
ID_mzeQHWAC,
ID_nAInRdCS,
ID_nAzLHUuo,
ID_nBLxnKhb,
ID_nDSumoZW,
ID_nDXjHZpn,
ID_nDfoGrIs,
ID_nDijiYYI,
ID_nDkjdwHw,
ID_nFUNuSAY,
ID_nGPULbqM,
ID_nGpfGUYR,
ID_nHlMIccb,
ID_nHqEpSlI,
ID_nHvpcwBB,
ID_nHzQohFZ,
ID_nJgTnsZC,
ID_nKERDkUN,
ID_nKXAECwU,
ID_nKbgScWl,
ID_nLGDLjiz,
ID_nMmSuorB,
ID_nNHSAavu,
ID_nNgcejzf,
ID_nNjlteia,
ID_nNtfcgku,
ID_nNwCZnuw,
ID_nOJkDkkk,
ID_nOPQhYIe,
ID_nOelZYjw,
ID_nOvYWepP,
ID_nPINYewB,
ID_nPSASSIv,
ID_nPYItvMv,
ID_nPwFHjxH,
ID_nQKUdclF,
ID_nQQLBtro,
ID_nQYaChGz,
ID_nQpeOxXY,
ID_nRzZwWSP,
ID_nShWXCjU,
ID_nSnQGfNv,
ID_nTbhkcWB,
ID_nTnaAjkc,
ID_nVeDAHHS,
ID_nWOgOQdu,
ID_nWigGFKW,
ID_nWxiaxhJ,
ID_nXHPysfb,
ID_nXffvyfV,
ID_nXorUTUi,
ID_nXtOaJbO,
ID_nYOgSqCd,
ID_nYaNoBAX,
ID_nZzguvhd,
ID_naEVAEPa,
ID_nbSEnqvg,
ID_nbVuBMiv,
ID_nbtMCdci,
ID_nbzltkJR,
ID_ncaQtZTv,
ID_ncyzCbQp,
ID_neTqvlfD,
ID_neWNuejb,
ID_nehyOPXL,
ID_nelPZTiU,
ID_nffqmlhn,
ID_nfmKhkzs,
ID_nfnEoIjR,
ID_nfyOdwjf,
ID_ngJpUvFE,
ID_ngdALgRO,
ID_nhIuCrlE,
ID_nhbNdCkb,
ID_nhfuDJGi,
ID_nhgfDNRf,
ID_nhgfGLoD,
ID_nhjyEzVk,
ID_niGQzAiY,
ID_niPdPllA,
ID_niebCxpR,
ID_nifIBaPy,
ID_nisaTwSi,
ID_njLWhXAQ,
ID_nkCuFJdw,
ID_nkHoMybm,
ID_nkcYgfza,
ID_nkwpwHWT,
ID_nlADTdvf,
ID_nlWxawzB,
ID_nlfbJTee,
ID_nmKEzdmU,
ID_nmrQFblj,
ID_nmsnMpwb,
ID_nnNeArSc,
ID_nnzAtLzN,
ID_noTIRhRQ,
ID_nouLoXSI,
ID_npKuIKYw,
ID_nqEaQCrr,
ID_nqTIyuhC,
ID_nqdjMyCv,
ID_nrIcwlBu,
ID_nriYsuWB,
ID_nryfENkY,
ID_nsNSLAUN,
ID_nshToTek,
ID_ntMQBhcV,
ID_ntMayQQG,
ID_ntSrAJgv,
ID_nteohAVb,
ID_ntmZwGAa,
ID_nuVrZwqz,
ID_nuYrcAWk,
ID_nvASNkwZ,
ID_nvPIzCDV,
ID_nvUREeMs,
ID_nvXkVFkH,
ID_nvboRtin,
ID_nvxVPCbF,
ID_nwLQCufD,
ID_nwrtRXNm,
ID_nxBzMnNQ,
ID_nxDGpdHa,
ID_nxFvrsTE,
ID_nyeNluNA,
ID_oAkrKPXG,
ID_oBTInKfT,
ID_oBkGXnIL,
ID_oBpGVkZZ,
ID_oCUVbhPT,
ID_oCgzkUcR,
ID_oChugsVJ,
ID_oDMvgoWo,
ID_oDPvNvIK,
ID_oDugmyhS,
ID_oEDNrmfq,
ID_oFMhAdyX,
ID_oFlQaSgC,
ID_oFluabtp,
ID_oHKsTcwO,
ID_oHZYjRCN,
ID_oHgcQDIU,
ID_oHybiDXG,
ID_oIAxzUin,
ID_oICMvlAA,
ID_oIEIiFbG,
ID_oIsgTNBW,
ID_oItuWElN,
ID_oJRzvthM,
ID_oJftQwCB,
ID_oKUSoBGr,
ID_oKbITDFk,
ID_oKdLWKhj,
ID_oLBeIVcH,
ID_oLNPGnqb,
ID_oLUjPwuF,
ID_oLZeYtAs,
ID_oLtORQkS,
ID_oMIPvqus,
ID_oMWfSGXE,
ID_oNeBOHxB,
ID_oNssrMgg,
ID_oOKAZGfV,
ID_oOOTYFnp,
ID_oPSSRdsl,
ID_oPwsLkef,
ID_oPxrReIA,
ID_oQxEVbBI,
ID_oRstGOew,
ID_oSNqNWAU,
ID_oSjgNpww,
ID_oTKuwYDo,
ID_oTRonvhh,
ID_oTpdRLlo,
ID_oVPrRuwC,
ID_oWnnUbEx,
ID_oXEYzzcq,
ID_oXpGsWCl,
ID_oYhDHxOE,
ID_oYqFbvTo,
ID_oZBCfDIO,
ID_oZucQNzG,
ID_oZwwmvfG,
ID_oaAjdurG,
ID_oaBwqOTA,
ID_oaDoHUKy,
ID_oaMRGiny,
ID_oaWhPnsD,
ID_oaWteyIn,
ID_oakgYeLE,
ID_obCgyPUK,
ID_obIJVbld,
ID_obryYtnI,
ID_obyMCqUm,
ID_ocstqIYr,
ID_odqMQKgn,
ID_oeWXRuac,
ID_oekwKKLq,
ID_ofByEMhx,
ID_ofHdkYSX,
ID_offUuxLL,
ID_ogIIkyRB,
ID_ogVyRZgG,
ID_ogkkrGNM,
ID_oglvnUTX,
ID_ogvPNHjB,
ID_ohGQidko,
ID_ohmBfOfJ,
ID_oiGQsCuI,
ID_oiGlvpib,
ID_oijNTVbc,
ID_oinFMoal,
ID_ojRmzFVL,
ID_ojaSJIQq,
ID_okBnowpv,
ID_okuSbNDP,
ID_olRXPTot,
ID_olYTqlif,
ID_olkKgykg,
ID_olkQAmAW,
ID_omCmxqLj,
ID_onRgGZgA,
ID_onViDzoE,
ID_onhdXmBA,
ID_onxHTTBw,
ID_onzEjjVQ,
ID_ooxUxdSq,
ID_oozHoRbX,
ID_opDSQrnd,
ID_opfaJNhC,
ID_oprIxWLZ,
ID_opvqVhnd,
ID_oqfIorRL,
ID_oqiafQTP,
ID_oqueBtax,
ID_orJpJHfj,
ID_orRsOngd,
ID_orTZRfYO,
ID_oroXFPzt,
ID_osAMPHWr,
ID_osDPwATx,
ID_osaxkSej,
ID_otGcUueV,
ID_otYDCaPN,
ID_ottLticx,
ID_ouWTROmU,
ID_ovJxhNuc,
ID_ovYCpIen,
ID_ovkMcPcv,
ID_owZQRImV,
ID_owuUlGuW,
ID_oxayUJpf,
ID_oyNdPuSB,
ID_oyVzTaLo,
ID_oynaeNAQ,
ID_ozZFGaUs,
ID_ozcWpwTt,
ID_pAewJroZ,
ID_pAofNKON,
ID_pAredggH,
ID_pBOaBXUm,
ID_pBiZFmPH,
ID_pBjkSdyy,
ID_pCUMcTtm,
ID_pCoEFWrq,
ID_pDbxYuAr,
ID_pDkQsnLy,
ID_pEXrsCoz,
ID_pFNsXCoa,
ID_pGMFqaQN,
ID_pGWHFuAT,
ID_pGXKwTJh,
ID_pGcuHhpE,
ID_pGeajrPL,
ID_pGoffrdJ,
ID_pHTQRYwX,
ID_pHkSvyzv,
ID_pHmabqMs,
ID_pHsHPAam,
ID_pIiPjmGN,
ID_pIoRNwGu,
ID_pJbsnszh,
ID_pJflkkPK,
ID_pKcqJGGp,
ID_pLEXbWAR,
ID_pLFuicKC,
ID_pLGHzKIo,
ID_pLOYPPpu,
ID_pLSwTRug,
ID_pLhDbAYp,
ID_pMUGdOXc,
ID_pMWbmfKf,
ID_pMeHollw,
ID_pMxLqTxq,
ID_pNBJhSDp,
ID_pNIojGNn,
ID_pNWyNgZp,
ID_pNdURNhP,
ID_pNmIPtoD,
ID_pNyfEZGe,
ID_pOYbDcxQ,
ID_pOaDHzdP,
ID_pOvldQUo,
ID_pPFzhFAG,
ID_pQAVmwKh,
ID_pQSrJWyC,
ID_pQwLWbvq,
ID_pQwOHTFM,
ID_pQzbaMgO,
ID_pRCtMyZL,
ID_pRDUvwkt,
ID_pRGfYVsm,
ID_pRufFhoo,
ID_pSHzneVx,
ID_pSQSlDHY,
ID_pTRbkrjE,
ID_pUAjJhPS,
ID_pULzFGqk,
ID_pVuiHaJl,
ID_pWHjkcYi,
ID_pWHymfjM,
ID_pWIaTzlZ,
ID_pWgWjKur,
ID_pWrzixxh,
ID_pXWEpPRe,
ID_pXuCDuoG,
ID_pXuMaYsa,
ID_pYEaBIko,
ID_pYKJxoXV,
ID_pYRTEUNw,
ID_pYVBxuuS,
ID_pYigcWwh,
ID_pYmeDkKR,
ID_paLSwRFC,
ID_pbMxYJWP,
ID_pbWVUNgr,
ID_pbeXwwVo,
ID_pbhqlqQj,
ID_pbrZKfhg,
ID_pcYofHqF,
ID_pcbHQVic,
ID_pecPEQkj,
ID_pgFLrHcz,
ID_piMpKpRS,
ID_piReUaim,
ID_pjFIOkXZ,
ID_pjGDrfgQ,
ID_pjPusLJu,
ID_pjbppmvl,
ID_pjkwBILy,
ID_pjwtrlnN,
ID_pkWmaOqf,
ID_pkmqdekT,
ID_plSjjztb,
ID_plXGSlyv,
ID_plnLJJMr,
ID_plrQIOtA,
ID_plyOviWW,
ID_pmqhVlCq,
ID_pmtrxwQR,
ID_pmuwHbGm,
ID_pnTGUNPz,
ID_pnqZgOJO,
ID_ppLJMKoL,
ID_ppodvime,
ID_pqKoywzp,
ID_pqWezzcB,
ID_pqjyFMvR,
ID_psCMauFM,
ID_pshNPMUt,
ID_pszKpaft,
ID_ptNXExAO,
ID_ptimxLPn,
ID_puYbUnxB,
ID_pvPlDiMF,
ID_pvYZPsMd,
ID_pvghivqx,
ID_pvjoyLez,
ID_pvwyPtZY,
ID_pvzuNdxR,
ID_pwBiCPEc,
ID_pwbVKcBt,
ID_pwfGovJB,
ID_pwuHxhpy,
ID_pxLyYomK,
ID_pxopHTPn,
ID_pxyEdsnP,
ID_pyOjBDUE,
ID_pyeEvkkq,
ID_pywAFfYK,
ID_pzDLfulJ,
ID_pzLfUZFh,
ID_pznBpqxa,
ID_qAbmySbn,
ID_qAwZUikT,
ID_qBYmGcZI,
ID_qBvptkSP,
ID_qCCdvyDS,
ID_qCGdbuDo,
ID_qCjtqetn,
ID_qCpzATmX,
ID_qCxVekiO,
ID_qDbQXpuP,
ID_qDkSVIev,
ID_qECbTIec,
ID_qEPQwdlm,
ID_qFFKhIck,
ID_qFiEvsHa,
ID_qGZQtjhQ,
ID_qGdthQkf,
ID_qGsByCcI,
ID_qIHZBWsl,
ID_qIfYSxZH,
ID_qJCdFxzQ,
ID_qJHRCZIh,
ID_qJHkrcIu,
ID_qJVySYDd,
ID_qKFBnASC,
ID_qKPhzQCJ,
ID_qKYeTLum,
ID_qKpDJhCh,
ID_qLHMudMV,
ID_qMMWhItW,
ID_qNAiUIug,
ID_qNOHVEMX,
ID_qPJuIQEq,
ID_qPxcKnmq,
ID_qRFuDMPM,
ID_qRkKESNQ,
ID_qRqsispO,
ID_qTlbdXKB,
ID_qTndtZQp,
ID_qTqfsXJJ,
ID_qUFfgaIS,
ID_qUNTIAxs,
ID_qUVwUELH,
ID_qUXWIThz,
ID_qUZgdYBa,
ID_qUhGiLIB,
ID_qUkEiZqG,
ID_qUwqCzwH,
ID_qUzFXWox,
ID_qVIDkqUB,
ID_qVjbkmar,
ID_qVlWtMeH,
ID_qWgQPxKO,
ID_qWnybWzY,
ID_qXOTVish,
ID_qXaxOTBW,
ID_qXqjyCAq,
ID_qYjGhWJo,
ID_qZTKrvhO,
ID_qZXgyDaX,
ID_qbbadCQg,
ID_qboRIlFU,
ID_qcgZVKGL,
ID_qcwOoTyU,
ID_qdUNVHmE,
ID_qdlChKge,
ID_qeOoIoqu,
ID_qevXoazG,
ID_qfFpvVyQ,
ID_qfdcEwQp,
ID_qfhGFHsa,
ID_qfkSdkap,
ID_qfkafGMQ,
ID_qfpjczvk,
ID_qgcPiLWh,
ID_qgmEGJoK,
ID_qhexHndU,
ID_qhppFuSW,
ID_qhzzJJZf,
ID_qiGqYwRV,
ID_qiUSOUby,
ID_qiZekddG,
ID_qiesHsyc,
ID_qinHBIge,
ID_qiseNutY,
ID_qkOKXrRA,
ID_qkfiFZEO,
ID_qktVSXHz,
ID_qlMaGOmT,
ID_qlShelJo,
ID_qlVJvAab,
ID_qlejwzAX,
ID_qlpplLXS,
ID_qmJVSmXg,
ID_qmgSWKaJ,
ID_qmsKfKPK,
ID_qnDDqPsG,
ID_qnKwEneS,
ID_qnOSiEyG,
ID_qnZQSyaB,
ID_qpIOGPQP,
ID_qpLCizAd,
ID_qpsGBQaB,
ID_qqSugzes,
ID_qqYqAabL,
ID_qqnzNLUo,
ID_qqzKHIPN,
ID_qrGIbVEC,
ID_qrRddWAU,
ID_qrSYoSRU,
ID_qrpHozIy,
ID_qrtMJYHe,
ID_qsgxnZJR,
ID_qsxfkvip,
ID_qtCXIWvz,
ID_qtDUHzfr,
ID_qthxZIDf,
ID_qtvIgLTI,
ID_qubJYhAI,
ID_quvqoPir,
ID_quzKXgLB,
ID_qvIaupiZ,
ID_qvXJkqLJ,
ID_qvcNvwjw,
ID_qvcanYqu,
ID_qwCZdmuf,
ID_qwVOtJQw,
ID_qwVoImeC,
ID_qxDFbXIK,
ID_qxSuVxgZ,
ID_qxTMjLgj,
ID_qxVQDjtY,
ID_qyDhbTCu,
ID_qyMWFIGv,
ID_qyOVnBlK,
ID_qyhCHjgs,
ID_qyijWZwy,
ID_qzovPUrx,
ID_rAbCPqYL,
ID_rBGjnkxc,
ID_rBnIXOth,
ID_rCQNaBVQ,
ID_rEWUhrXC,
ID_rEjprXJX,
ID_rEovauWs,
ID_rFTOVNTz,
ID_rFWBYjYs,
ID_rFnIAeKL,
ID_rFpQKVyQ,
ID_rFwYHtYk,
ID_rGsvBQOs,
ID_rGzjNrzN,
ID_rHWqpfGl,
ID_rIuRcdxB,
ID_rJPbMRjP,
ID_rJwQEfgG,
ID_rJxvhxzX,
ID_rKNlNKwv,
ID_rKffaTOG,
ID_rKjDSUZP,
ID_rLcqrLNT,
ID_rLeRFvuW,
ID_rLtyturv,
ID_rMsmDvcD,
ID_rOCYixpx,
ID_rPPSChAs,
ID_rPiVBFbh,
ID_rPzmArom,
ID_rRGgGAzT,
ID_rRiXFejV,
ID_rSFABepD,
ID_rSjsquaY,
ID_rSuZnOzh,
ID_rTLpIkwJ,
ID_rTaAsTPK,
ID_rTgqFbjY,
ID_rUQbnTVG,
ID_rUWLnoPI,
ID_rUacOBJc,
ID_rUuKflHu,
ID_rVNEiJBV,
ID_rVdUlHsq,
ID_rWBmtkxo,
ID_rWZJJRSK,
ID_rWbFyxRt,
ID_rWeINPPS,
ID_rYcfnXDl,
ID_rZDiCoYE,
ID_rZLNZVJQ,
ID_rZQpiECz,
ID_rZUEfJdw,
ID_rZWjhfhO,
ID_rZZaGJLE,
ID_rZgEDxoL,
ID_raBsRMzl,
ID_raDJYNUM,
ID_raGCxnKV,
ID_raQiLjQy,
ID_ragOjdkM,
ID_razzXwqC,
ID_rbLGSyjj,
ID_rbRrqKfA,
ID_rbxlicGW,
ID_rcHNwOZF,
ID_rcXnbPJY,
ID_rcecDEVu,
ID_rcjcFORp,
ID_rcmsrIug,
ID_rcrvOWYE,
ID_rcyFbgIz,
ID_rdSfHXgG,
ID_rdapERNO,
ID_rdsNDTbS,
ID_reFeNTwl,
ID_renRWmsu,
ID_rfJNIyYk,
ID_rfJPPOYB,
ID_rfeVjSIP,
ID_rfinuqsn,
ID_rgBwrblm,
ID_rhOuxjZW,
ID_riOZCtNj,
ID_rjRSzATV,
ID_rjVCDHxi,
ID_rjpsyKYI,
ID_rkCulwND,
ID_rkbFYuPO,
ID_rkhsHzpK,
ID_rkjdESmh,
ID_rmYGHziq,
ID_rmrPYsei,
ID_rmxLXHmP,
ID_rnANAYdt,
ID_rnXVxhZL,
ID_rnuMODOt,
ID_roFYGrRb,
ID_roGeqEuT,
ID_rpDcNqrA,
ID_rpMsekSB,
ID_rpZfhozL,
ID_rpZpOZSW,
ID_rpovoMjw,
ID_rppDeYAU,
ID_rprYoKbG,
ID_rqhyIxcY,
ID_rquVMfQX,
ID_rqwClUzx,
ID_rqxNVWBz,
ID_rrBRpbus,
ID_rrcauPFQ,
ID_rrrrWakh,
ID_rruzhSHp,
ID_rtTYUThZ,
ID_rtcmTYGB,
ID_rtyKmgXU,
ID_rwTQGwSW,
ID_rwTdfDhU,
ID_rwXaFBKv,
ID_rxLHHNtC,
ID_ryWbuITr,
ID_ryXBGDch,
ID_rybIAAkp,
ID_ryqzIDJi,
ID_rzLHbLgX,
ID_rzWJQAEF,
ID_rztQyxBc,
ID_sABbwZIN,
ID_sCgSrwWC,
ID_sCowuyeK,
ID_sDLFtvgD,
ID_sDVWLtzw,
ID_sDewQbVW,
ID_sELgrjKm,
ID_sEVRtUpG,
ID_sEaTNqIu,
ID_sEfxlqoU,
ID_sEpboqNh,
ID_sEsZMWgI,
ID_sFFjLGtp,
ID_sFlnNlEM,
ID_sFuaOXOI,
ID_sGEWJgjp,
ID_sHQJiLuw,
ID_sHjgyHEt,
ID_sIIoOzTR,
ID_sIoyejCE,
ID_sJzQICsX,
ID_sKIDnweu,
ID_sKWjmEQy,
ID_sKxVIoiK,
ID_sLOdYzXt,
ID_sLQclPKS,
ID_sLYXiJzi,
ID_sMWzxWke,
ID_sNMafGwj,
ID_sNPKMWFb,
ID_sNYhdLPP,
ID_sNhvguKi,
ID_sNltmUzl,
ID_sODrpoUW,
ID_sOoyezbR,
ID_sOwkgCBZ,
ID_sPdAmbuP,
ID_sQYgrhTT,
ID_sQazkrwI,
ID_sQhpTOJd,
ID_sQrqtuKZ,
ID_sRBCFNjg,
ID_sRFHVUBI,
ID_sRamixMS,
ID_sRkJxlRy,
ID_sTOuxpBA,
ID_sTOwljJr,
ID_sTWxedcl,
ID_sTZjClGR,
ID_sUBgwVFL,
ID_sVHFFbyG,
ID_sVNEMsEj,
ID_sVaccvYr,
ID_sVdquuJt,
ID_sVkyHlPi,
ID_sVmwBGCu,
ID_sWBYzCmE,
ID_sWWBLjWh,
ID_sXxALVRQ,
ID_sXxXUpjZ,
ID_sYChcPMp,
ID_sYENrutY,
ID_sYNsOuuN,
ID_sYalyDwc,
ID_sZhvpYeh,
ID_saEWfSVE,
ID_saODNhrY,
ID_sahZXbCN,
ID_saxtNHiR,
ID_sbEsCidw,
ID_sbMaooAm,
ID_sbkCKGOb,
ID_scpQntYU,
ID_sdjaoxik,
ID_sdnsOJIy,
ID_seYlLYyK,
ID_sepvsLxK,
ID_sevTxbez,
ID_sfNkihFI,
ID_sfVVjXcd,
ID_sfgnNKLH,
ID_sfoZzeew,
ID_sfpXWfSZ,
ID_shFUePNc,
ID_shLCGSjy,
ID_shTbSNZa,
ID_shbygWLG,
ID_shoGLwix,
ID_shwOUDzB,
ID_sidomROA,
ID_sifTOPhq,
ID_siwHixIo,
ID_sjOFnQSH,
ID_sjQGvZyB,
ID_sjiSZeBU,
ID_skpUoCcL,
ID_slQSeYSL,
ID_slZQyQLN,
ID_slisouKf,
ID_smJXOSkq,
ID_smVGAGxx,
ID_smnMdxNO,
ID_smsvrglt,
ID_smyyEcLK,
ID_snDVeafR,
ID_snpWMLJB,
ID_snxdVqvm,
ID_soMJHCsu,
ID_spVIPuVX,
ID_spylyAJj,
ID_sqKgrOIV,
ID_sqNdLPPD,
ID_srFochRg,
ID_srJxztIC,
ID_ssSRJzEG,
ID_sscUixcq,
ID_sslyAZBu,
ID_ssvyHjts,
ID_sszCZYAd,
ID_stjdbeBd,
ID_suCKYBah,
ID_svTwnmyB,
ID_swBrnvvy,
ID_swVGekVM,
ID_swWQxRmA,
ID_swfcFIFZ,
ID_swnSOQyA,
ID_sxJNHvmF,
ID_sxNjbjHL,
ID_sxTxObeu,
ID_sySMBkhu,
ID_sycInSww,
ID_szEuWjqy,
ID_szyPrntq,
ID_tABlOaYc,
ID_tAcIKYQz,
ID_tAizCYHh,
ID_tAwZtIiZ,
ID_tBCSLXel,
ID_tBJMeUNG,
ID_tBKSlbaP,
ID_tBjTdjnQ,
ID_tCDwcQkx,
ID_tCWLdbKa,
ID_tCmAkPvv,
ID_tCppNrJq,
ID_tDCrBcnE,
ID_tDJuxJza,
ID_tDQSkyOY,
ID_tDnFLTJT,
ID_tELHFDhk,
ID_tELwtjUW,
ID_tEMaoQxT,
ID_tEcBIyXq,
ID_tFgDUFTj,
ID_tGLYgyMl,
ID_tGZfjvCU,
ID_tGZwFNCt,
ID_tGyrLqrd,
ID_tHFIfDrK,
ID_tHKpiATC,
ID_tHqxNUqU,
ID_tHrjShzT,
ID_tIAaVamL,
ID_tIMQYxcx,
ID_tKGKwJfV,
ID_tKaqSsJJ,
ID_tKoYGEoE,
ID_tLCLjBqV,
ID_tLZHaZAH,
ID_tNNYiSyc,
ID_tOyzCjfc,
ID_tPDZQXfI,
ID_tPGhdysu,
ID_tPIDrziS,
ID_tPMvjCwL,
ID_tPhbszJU,
ID_tQLrCLvu,
ID_tQdlutch,
ID_tRNBbPQM,
ID_tRUzOwMY,
ID_tSAWAMZT,
ID_tSaSXkRL,
ID_tSpNDWVL,
ID_tTDrhPKg,
ID_tTQlgRKi,
ID_tUaQlyQl,
ID_tUoTheZC,
ID_tVGEMHlw,
ID_tVdlEpxS,
ID_tVexDTpB,
ID_tVzKkiMr,
ID_tWGRcfos,
ID_tWaCznmZ,
ID_tWpfdjbZ,
ID_tXUqexun,
ID_tXgMejFS,
ID_tYCaHQbS,
ID_tYFzuIOe,
ID_tYLVfRHc,
ID_tYlWxRUT,
ID_tZGoxVOT,
ID_tZNevcqQ,
ID_tZTasjBw,
ID_tZaSblld,
ID_tZjEMgkj,
ID_tZrNhHVv,
ID_tZrfyXzx,
ID_taFSPwAy,
ID_tabqLsmh,
ID_taiXOJXL,
ID_tayhsWMz,
ID_tbDuPPwX,
ID_tcQDAtMZ,
ID_tcZXonEE,
ID_tcsTBZQA,
ID_tcsrAYvZ,
ID_teGdjpCJ,
ID_teNdVnQd,
ID_teauXEKc,
ID_telBbPAl,
ID_tfiiZttk,
ID_tfpwcaQM,
ID_tgSSBSXQ,
ID_tgWsRZsV,
ID_tgxFsAIS,
ID_thDSrQPe,
ID_tiglZjkx,
ID_tjAXpENP,
ID_tjrtxNAv,
ID_tkzERiQA,
ID_tlLhCLqB,
ID_tmVdGKCP,
ID_tmtwbcea,
ID_tmwgaLEq,
ID_tnHOeWZA,
ID_tnQgdVDb,
ID_tnbmoyuO,
ID_tndNGXXY,
ID_tnnuJfdv,
ID_tofUtshM,
ID_tonNVGWI,
ID_toupuPWm,
ID_tpRBQvup,
ID_tpxjJvcL,
ID_tqIWcDiQ,
ID_trAiYzIX,
ID_trlmLlpQ,
ID_tsMIDpsl,
ID_tsyYGJDv,
ID_ttIVCEGW,
ID_ttXTLDuX,
ID_ttZprRLr,
ID_ttvtvJUd,
ID_tuxvkhCW,
ID_twOfiduv,
ID_twTlScdf,
ID_twYDCBoX,
ID_twyJFyyl,
ID_txdlplyM,
ID_txezUwuu,
ID_txlHeXcP,
ID_txrlfxCs,
ID_txvlDVPM,
ID_tygexKpe,
ID_tyjJhQMC,
ID_tzydcBCI,
ID_tzyiKKbB,
ID_uAbHptZV,
ID_uApzBiGr,
ID_uAumMoXq,
ID_uBIZRTcF,
ID_uBTyagof,
ID_uBlNiSyI,
ID_uCBvonum,
ID_uCHaOyNW,
ID_uDEbjvpw,
ID_uDScoqEp,
ID_uEOvytFg,
ID_uFDCbhwt,
ID_uFdNzGoW,
ID_uFdZGjBl,
ID_uFiOtvzd,
ID_uFjpcHrI,
ID_uFoVRrFe,
ID_uGNwieag,
ID_uGQtidCe,
ID_uGabzAzU,
ID_uGmqzSJR,
ID_uHNMkdam,
ID_uHSrohgZ,
ID_uHgKszsJ,
ID_uHpjkRTL,
ID_uHrHdSfa,
ID_uJkSUUUu,
ID_uJlzoWeq,
ID_uKIYnkmM,
ID_uKQdodYX,
ID_uKbyIncr,
ID_uLUSwPVQ,
ID_uLyuZCkg,
ID_uMPAZyfV,
ID_uNCHjFKf,
ID_uNWnTbel,
ID_uNfrrbME,
ID_uOHyuvJe,
ID_uOnGSagx,
ID_uOnZbeLh,
ID_uPCYsOft,
ID_uPwPSznX,
ID_uQJIyaKA,
ID_uQPVWxsY,
ID_uQUJPXSZ,
ID_uRHaZjWv,
ID_uRMGqmZQ,
ID_uRULPNgT,
ID_uRbzNHwD,
ID_uRdNfYMa,
ID_uSjksIBU,
ID_uTNDwEwE,
ID_uTXwidTa,
ID_uTegtdro,
ID_uTrTFBBY,
ID_uUAPepUP,
ID_uUQBuWBF,
ID_uUgLqNju,
ID_uVAresBC,
ID_uVVgyjIL,
ID_uVlteDos,
ID_uVxEJWWB,
ID_uWHubvXB,
ID_uXSvuaZs,
ID_uXiKsUqA,
ID_uXpIupZz,
ID_uXzmayrq,
ID_uYVQVUfK,
ID_uYjaaBNc,
ID_uZcgcIEm,
ID_uZxSjSaZ,
ID_uaZLvDJs,
ID_uapigcqM,
ID_ubdZUvkt,
ID_uchCXTvA,
ID_ucnflRAv,
ID_udZpyplV,
ID_udvrwfHs,
ID_udxLDDOG,
ID_ueCKlWBX,
ID_ueQQLugM,
ID_ufnZYsyy,
ID_ugJISkND,
ID_ugLvajQw,
ID_ugPFMOXO,
ID_ugmwQAxX,
ID_uhDGRmaU,
ID_ujNZIYPW,
ID_ukieBkJw,
ID_ukpQOLaL,
ID_ulGMAOgz,
ID_ulIIOkrJ,
ID_ulPcqXgQ,
ID_uleFiQFp,
ID_umCUuILy,
ID_umfMldAa,
ID_umqYMuxz,
ID_unKSdBwq,
ID_undpHVVM,
ID_unzQRUef,
ID_uoFqjmYq,
ID_uodfWdtL,
ID_uoxGmbze,
ID_upqedwKp,
ID_upudRTQy,
ID_uqKCJfKi,
ID_uqMGjUUo,
ID_uqkAOjtR,
ID_urJELwlr,
ID_urWFIQHA,
ID_urXyKOxj,
ID_urvgvRYj,
ID_uskRteLG,
ID_usoKUAlD,
ID_usuncftC,
ID_utPzWgfj,
ID_utTPcdXi,
ID_uuLZlBtS,
ID_uutAvpas,
ID_uvFFDHXu,
ID_uvRimqNR,
ID_uvTLqiMO,
ID_uvYuvQwV,
ID_uwEnXKRW,
ID_uwLtJOUW,
ID_uwrvKwOQ,
ID_uxAPsevr,
ID_uxASBKrS,
ID_uxmfWMJy,
ID_uyDBTmsk,
ID_uyRqEICz,
ID_uzCLnPzL,
ID_uzSdjXIE,
ID_uzhZmPWp,
ID_uzrTZVUD,
ID_vAZSmxbs,
ID_vAzPiCYH,
ID_vAzztIGH,
ID_vCHOjQVu,
ID_vCvsYzEi,
ID_vDGZEzWN,
ID_vEIjrlWr,
ID_vFDfZlrX,
ID_vFckHSqs,
ID_vGGHhwMi,
ID_vGRrEIOY,
ID_vHJvoTDq,
ID_vJumpMXd,
ID_vKExGmOa,
ID_vKKrXwTp,
ID_vKNDxeOt,
ID_vKnotjMG,
ID_vKsUfXtA,
ID_vLCPmMpM,
ID_vLPLgAJD,
ID_vMARJXmI,
ID_vMyOMPTs,
ID_vNSKsfJO,
ID_vOlhVeAB,
ID_vOmDgHxv,
ID_vPSQqeXg,
ID_vRpGyEZM,
ID_vSPMvrfe,
ID_vSsLGlfn,
ID_vTBGgBBS,
ID_vTStpDnz,
ID_vTepXeQh,
ID_vUlIfWvu,
ID_vVMYFIzj,
ID_vVtNIyGh,
ID_vWyjxZfC,
ID_vXDsijRi,
ID_vXIwimWT,
ID_vXMRWyIw,
ID_vXScpZWm,
ID_vXtCcyfx,
ID_vYbHfwJf,
ID_vYcxisKd,
ID_vZNClKAc,
ID_vZhqqkWi,
ID_vZtGzlcX,
ID_vaixLUOP,
ID_vbqtFcAH,
ID_vbvSrCSW,
ID_vbzEzgWW,
ID_vcGdeOwW,
ID_vcXkoTwk,
ID_vcjiZMma,
ID_vcztLLwG,
ID_vdBPqRtr,
ID_vdsdFyFz,
ID_veAsBlAj,
ID_veISpNfD,
ID_veRzhuzX,
ID_vejXHBnT,
ID_verbZdzQ,
ID_vfEAmQtO,
ID_vgMdWdIK,
ID_vghjEBVc,
ID_vizHmXVv,
ID_vjEJHnPv,
ID_vjYlsbEB,
ID_vjqKFrTM,
ID_vkomxIai,
ID_vlgMRhpo,
ID_vlmrbYWo,
ID_vmAAvgXH,
ID_vmYiACXA,
ID_vnNIpmOw,
ID_vnXBnOfX,
ID_voTbndpo,
ID_vonbgnVV,
ID_vpENrBeD,
ID_vpQBlkoE,
ID_vpjrVVej,
ID_vprBTxcx,
ID_vqIISeNR,
ID_vqeMZWLO,
ID_vqvydHhr,
ID_vrBaMyiF,
ID_vsWBtUtW,
ID_vsbbmrDP,
ID_vspxCpmy,
ID_vtuIJxJB,
ID_vtwgDdOx,
ID_vuEwZmDZ,
ID_vuMpABaC,
ID_vuNTpwLB,
ID_vuNkeauJ,
ID_vvtIyhBd,
ID_vvuIYUgO,
ID_vvufcqQJ,
ID_vwCprCeF,
ID_vwkjhVSU,
ID_vxNzNHss,
ID_vxXVaOyz,
ID_vxqpQnNS,
ID_vyDEwUsJ,
ID_vysppMKH,
ID_vzFAaiHT,
ID_vzJXOIPQ,
ID_vzVcxFgy,
ID_wAtfBVMK,
ID_wBxayIvR,
ID_wClsobCr,
ID_wCpUICAX,
ID_wCwQxAUC,
ID_wDTvTKnD,
ID_wDZGPBoG,
ID_wDnwOuqu,
ID_wDtNTnTq,
ID_wDvnnpHD,
ID_wEdExkKe,
ID_wFKzrUDx,
ID_wFZHIrGT,
ID_wFeFMEPh,
ID_wFycscLs,
ID_wHROiXtn,
ID_wHRmqmGr,
ID_wIfawbSM,
ID_wIiXAPVj,
ID_wIsOIVHA,
ID_wKBNnFlq,
ID_wKIzdqtb,
ID_wKJSmcFH,
ID_wKTYFUFc,
ID_wLqzlqNH,
ID_wMCgpyQu,
ID_wNEfVSLN,
ID_wNOASfwJ,
ID_wNUHcBbN,
ID_wNYhxyJU,
ID_wObIoIIH,
ID_wOvcftyp,
ID_wPxzoNpG,
ID_wQBeiHPk,
ID_wQNnLqIe,
ID_wQTVZBUG,
ID_wQzbEBuZ,
ID_wRDeEqGK,
ID_wRpTuaHd,
ID_wSBvSzSs,
ID_wSaQlumZ,
ID_wSgLScfb,
ID_wSlGbvGg,
ID_wTPKoDVl,
ID_wTaanJSM,
ID_wUIcvRrl,
ID_wUPuicMA,
ID_wUcKFWcZ,
ID_wUixGdRY,
ID_wUkfgdaQ,
ID_wVXQzDjF,
ID_wVwkvdOI,
ID_wWLxOQQp,
ID_wWNGqsCq,
ID_wWcaBKrr,
ID_wXBFhgkj,
ID_wXpApIhn,
ID_wXrlowKw,
ID_wYxACjKw,
ID_wZdAEvrl,
ID_wZxLEyxr,
ID_waBThbzE,
ID_wayrwaCz,
ID_wbxkJjcY,
ID_weIclvMy,
ID_wekeLxLn,
ID_wenkZsdb,
ID_wewVfiMc,
ID_wfFUBkBH,
ID_wfGtBbRt,
ID_wfKOYDGQ,
ID_wfhoMqqH,
ID_wfoBHYeE,
ID_wgfIJDUK,
ID_wgjpMBWH,
ID_whAOATjW,
ID_whkXgNjF,
ID_wibtVrTw,
ID_wijHoRLm,
ID_wjRwytJn,
ID_wjnxHFrU,
ID_wkBJpASF,
ID_wkrFDHok,
ID_wlQPNSrA,
ID_wlZZTpce,
ID_wlcJsNHs,
ID_wlnSTnUE,
ID_wlpqgfBD,
ID_wmTnNzSl,
ID_wmUGtErA,
ID_wnnhVTYI,
ID_wnrdUxdb,
ID_woEtwdKA,
ID_woFfZwKJ,
ID_woLFCTAE,
ID_woMzIOTS,
ID_wpNpmsRj,
ID_wqsndMKz,
ID_wsXlcebi,
ID_wsZddnbG,
ID_wsaPCbJI,
ID_wtLoYdPM,
ID_wtYDWyeT,
ID_wtboXQwq,
ID_wtfFtETN,
ID_wtkSPpHH,
ID_wuPSKzjd,
ID_wudcTZSp,
ID_wvJijeJV,
ID_wvtlyNSJ,
ID_wvzfLqps,
ID_wwDlMOJf,
ID_wwdNTzcD,
ID_wwdUEmTu,
ID_wwnVKoKg,
ID_wwtMzyYC,
ID_wxKVPSPU,
ID_wxLtHnju,
ID_wxdhgJlX,
ID_wyKrvfRA,
ID_wydkfMKh,
ID_wypBoibc,
ID_wzixxYhw,
ID_wzqHIKTP,
ID_xABsRmTZ,
ID_xAvUjqUg,
ID_xBKKkLtJ,
ID_xCARyaxx,
ID_xCZEDrof,
ID_xDvsTXrM,
ID_xDytzWrT,
ID_xEawdWxe,
ID_xEsCKKQY,
ID_xEudWlxF,
ID_xExLGLXj,
ID_xEyjZNqf,
ID_xFXhDsYZ,
ID_xFfmwKaT,
ID_xFpsQwlo,
ID_xFqDBKZz,
ID_xGCnfoin,
ID_xGXcPEbL,
ID_xGczEmri,
ID_xGiKPVmo,
ID_xHOCFUhB,
ID_xHdcXjwd,
ID_xHuSzwVt,
ID_xIXRRGKI,
ID_xIZTEcFW,
ID_xImRUfxd,
ID_xKOALKzI,
ID_xKgooAxp,
ID_xLfJiBQx,
ID_xLfZlzTb,
ID_xLwisrvW,
ID_xMJZTssX,
ID_xMKQMWCl,
ID_xMNViGld,
ID_xMOeRmfk,
ID_xMSRTkRr,
ID_xMWixdjm,
ID_xMaMUifE,
ID_xMfMBfMF,
ID_xOlXScbr,
ID_xOlhdOly,
ID_xOvDoxBC,
ID_xPxiZqtO,
ID_xQbJkHLO,
ID_xQzvfCzq,
ID_xRAHIxjF,
ID_xRcgiGdg,
ID_xRkFYRcS,
ID_xRwxvhjV,
ID_xSmzQSzX,
ID_xTtayqdK,
ID_xUPywveL,
ID_xUViAWnb,
ID_xUdTzmwa,
ID_xUikISpg,
ID_xUnsJCMi,
ID_xVFrMcVI,
ID_xVvyquDz,
ID_xWWUmfkK,
ID_xWZIHDYm,
ID_xWmfbJGB,
ID_xWoHvzWI,
ID_xXfQyrAA,
ID_xXlCEYzh,
ID_xXwetKui,
ID_xYPejkrm,
ID_xZEQIzTq,
ID_xZJebXHc,
ID_xZTnWOPm,
ID_xZZLNNSc,
ID_xaFtvLGK,
ID_xaUoaHmW,
ID_xafqvcaG,
ID_xajViQyf,
ID_xbRWLChG,
ID_xbgpjVta,
ID_xbvUyvEh,
ID_xcDvqHVd,
ID_xcKuuNoQ,
ID_xcWuGzYz,
ID_xciRMWVZ,
ID_xcsPhAZM,
ID_xcwrbOAB,
ID_xdHrjqGJ,
ID_xdVTrCMu,
ID_xdxiqgMl,
ID_xePgNQTL,
ID_xekQfvlI,
ID_xftCsPkj,
ID_xgTYDSFS,
ID_xgVxRRCQ,
ID_xgdoVsTp,
ID_xgxIiQHA,
ID_xhBFhEpb,
ID_xhRegsQp,
ID_xhSrdGFz,
ID_xhqYjLwA,
ID_xhwkBnfV,
ID_xiOkLcJb,
ID_xiYntlBA,
ID_xinIOsEy,
ID_xipFoIzX,
ID_xjJridpl,
ID_xjwAYfnv,
ID_xkPFXuaT,
ID_xkuVQcYw,
ID_xlBNaKXH,
ID_xlFDqLLj,
ID_xmMeiOZs,
ID_xmMhrmYS,
ID_xmdecYky,
ID_xmpdEnKR,
ID_xnPjCXnJ,
ID_xnjWSPvR,
ID_xoOMdSBw,
ID_xorQVkls,
ID_xpEuLDeS,
ID_xpGEaZIv,
ID_xpTVLShX,
ID_xqAsNTyJ,
ID_xqDnyPaz,
ID_xrAoiXTA,
ID_xrDUTchi,
ID_xrtZWpEZ,
ID_xsFXvYkc,
ID_xsIVycUx,
ID_xsdevdYc,
ID_xshlPARh,
ID_xsoMDWxd,
ID_xstNTXCG,
ID_xsvjvWpx,
ID_xswhslJF,
ID_xtNyJtAY,
ID_xtgcQJZi,
ID_xtidbQvs,
ID_xuLpITli,
ID_xuvivlRo,
ID_xvPjhSef,
ID_xwEqocOP,
ID_xxLFJonh,
ID_xxhGBdXt,
ID_xxzGvBZh,
ID_xyKyxMZf,
ID_xyQrltpN,
ID_xzHkWAAN,
ID_xzHleLhZ,
ID_xzJtNiPt,
ID_xzpZpeSm,
ID_xztiawBy,
ID_yAWEtwkI,
ID_yAaxnBst,
ID_yAcykgMm,
ID_yBjDuCnL,
ID_yBjjyPdn,
ID_yBlqOExG,
ID_yBzWKsPM,
ID_yCfkvvSb,
ID_yDQIbrOd,
ID_yDlBYXxM,
ID_yDosONUL,
ID_yDsWtHxd,
ID_yEbQqalM,
ID_yEetuqdX,
ID_yFOJovId,
ID_yFdlpLCy,
ID_yFprdXAZ,
ID_yGOeOFfo,
ID_yGcxcscS,
ID_yGkdfnFo,
ID_yHCGFeHM,
ID_yHYKprZM,
ID_yHbceXvJ,
ID_yIdHdJBE,
ID_yIwzRfqc,
ID_yIxHBCtE,
ID_yJNKOIGt,
ID_yJprHrwz,
ID_yJtIPuFp,
ID_yJtTfcmZ,
ID_yLmcdTpT,
ID_yLmliSia,
ID_yMMUbHzE,
ID_yMlTjcOo,
ID_yNbnAtLk,
ID_yNfowigJ,
ID_yNnGAGBc,
ID_yNyKnTiC,
ID_yOpkqSuj,
ID_yPXaMQXL,
ID_yPcMCpSm,
ID_yPjBCyZO,
ID_yQZWRKqd,
ID_ySVTNBBt,
ID_ySnhCynl,
ID_yTGjQZJU,
ID_yUJUuyZd,
ID_yVOSTMjg,
ID_yVWXZvsS,
ID_yVwlrrdF,
ID_yVydzQYZ,
ID_yWMbvfho,
ID_yWlNJMOg,
ID_yXNUQhxZ,
ID_yXVEMTss,
ID_yXhsROun,
ID_yXsrjYDe,
ID_yYNdsKDO,
ID_yYyFHSqa,
ID_yZRvgoTN,
ID_yZfUbgSX,
ID_yZkckGuy,
ID_yaatncso,
ID_ybDBzZyK,
ID_ycVnbfNC,
ID_ycgOkchh,
ID_ycriqsmC,
ID_ydJccTap,
ID_ydLniZRK,
ID_ydlgCEGv,
ID_yeUesrXV,
ID_yekTGwFV,
ID_yeyClRWR,
ID_yfBPNiGg,
ID_yfVOUnAv,
ID_ygLqHWiQ,
ID_yglkvjDx,
ID_yhKBRXpm,
ID_yhVcFfKy,
ID_yhetOoYl,
ID_yiPFovkA,
ID_yiZNasjU,
ID_yiqVNzBG,
ID_yiuAjQNn,
ID_yivCznpV,
ID_yjAMqOPN,
ID_yjDenRIe,
ID_yjOKLaMQ,
ID_yjOPheeT,
ID_yjYIuMsp,
ID_yjkAKrzg,
ID_ykDYpaCx,
ID_ylNtlqee,
ID_ylftwhgE,
ID_ylrvJCPd,
ID_ymDwGcDp,
ID_ymJSdwYE,
ID_ynHKqiWO,
ID_ynaoWjLU,
ID_yndlZqQl,
ID_ynpIKjxM,
ID_yoVUHjBS,
ID_yokVVZPa,
ID_yokxQdhI,
ID_yonmartV,
ID_yorBlWiI,
ID_ypMuRsUe,
ID_ypUCDSZS,
ID_yqGtFsFk,
ID_yqaMGxdt,
ID_yreVGBQN,
ID_ysARFRNU,
ID_ystrOmGF,
ID_ystvFEcB,
ID_ytNFvsZH,
ID_ytNvtPkx,
ID_yuCTbGdJ,
ID_yuWMMNox,
ID_yvVwVCXb,
ID_yvjZHMEn,
ID_ywixzgNl,
ID_yyteNNCR,
ID_yzBUnpnc,
ID_yzDQflXK,
ID_zAWMqyRN,
ID_zBDKSTvU,
ID_zBSfmiQo,
ID_zBhgJJdO,
ID_zCCRSOjv,
ID_zCDRrmjP,
ID_zCFjhfWd,
ID_zCkPhxKD,
ID_zCvjekgA,
ID_zDCUAeQY,
ID_zDEhOToN,
ID_zDNdXIJa,
ID_zDSOJAcZ,
ID_zEFfhoGW,
ID_zEUIclfQ,
ID_zEhXSlsS,
ID_zFFEdbBT,
ID_zFwuGyQN,
ID_zFyjundz,
ID_zFylhWdb,
ID_zGHXVlJB,
ID_zGruHXwl,
ID_zGzPgVLF,
ID_zHJugbtx,
ID_zHMHqFQj,
ID_zHRNAmnO,
ID_zHSCTkdA,
ID_zHWLrqgX,
ID_zIDttIsV,
ID_zIZwPedX,
ID_zIdKEVdd,
ID_zJJOQKbO,
ID_zJkixovW,
ID_zKPyOqtQ,
ID_zKrazfep,
ID_zLCZfDDW,
ID_zLcnmrny,
ID_zLeZwqbp,
ID_zMUbQqZF,
ID_zMegXBjD,
ID_zMjrkrra,
ID_zNGIduIg,
ID_zNMACItq,
ID_zNVXFuPA,
ID_zNdmJrcN,
ID_zOIkaCXe,
ID_zOMzkMSx,
ID_zPbeXikj,
ID_zPiydHjg,
ID_zPrjjSjc,
ID_zPxdlKjv,
ID_zQhyprYQ,
ID_zQkBoQYn,
ID_zQvjNccA,
ID_zRjDWjnw,
ID_zRlEqFvJ,
ID_zRnDchGQ,
ID_zRuvnGbk,
ID_zRuwKHdR,
ID_zSBAfPhZ,
ID_zSafspfD,
ID_zScBbNCT,
ID_zSvjAbGP,
ID_zTFhCopm,
ID_zTIscCnM,
ID_zTbEERQi,
ID_zUShgIMm,
ID_zVwxEVuS,
ID_zWHVeQhG,
ID_zWsewWok,
ID_zXHAUEwN,
ID_zXPFZrVA,
ID_zXTeXUWE,
ID_zXgaDBOz,
ID_zXwvYiUO,
ID_zYLupXzV,
ID_zYVUYjJx,
ID_zZPOTsQr,
ID_zZgYSnZt,
ID_zZjQSkKJ,
ID_zZymiWRy,
ID_zaFNVxcb,
ID_zaRmQHfg,
ID_zaWIIpgg,
ID_zacNqJpw,
ID_zajlbDAE,
ID_zaousqOP,
ID_zbINKQRm,
ID_zbLjPPbR,
ID_zbPxUdGU,
ID_zccwwiGu,
ID_zcgfUwDf,
ID_zcwkqREY,
ID_zdVQcZSc,
ID_zeAlbwZZ,
ID_zesMRbgL,
ID_zfDRYgoI,
ID_zfUCPEpZ,
ID_zgMTgEfX,
ID_zgdxZMqF,
ID_zhwtkTDL,
ID_ziEFsZLS,
ID_ziiYmgah,
ID_zijCnMmM,
ID_zijUlWYJ,
ID_zimQJxSv,
ID_zimWrjUv,
ID_zjBAFAYe,
ID_zjztHKoJ,
ID_zkKsUEDk,
ID_zkwNdfxt,
ID_zlckYXmi,
ID_zlyRMbOW,
ID_zmUKOmHx,
ID_zmpzVWuG,
ID_znLCpXlE,
ID_znwAXfwt,
ID_zoGdVyOF,
ID_zovJwdlb,
ID_zpDuSNcY,
ID_zpICVRRa,
ID_zpKkHcrW,
ID_zppTbZpv,
ID_zrIluPXl,
ID_zrobLbMO,
ID_zrsLiLPT,
ID_zsJxJoBX,
ID_zsePfKoi,
ID_zsvcGSDv,
ID_zuBfxUJX,
ID_zuMgsiaX,
ID_zuzAaoAH,
ID_zvKmlkOl,
ID_zvoBhosH,
ID_zxKmklEZ,
ID_zxOEpdjE,
ID_zxiiRwSa,
ID_zxzAelmt,
ID_zyntSLaC,
ID_zzIPEAkX,
ID_zzbMRZOc,
ID_zzrXaJMf,
